GAMETITLE,AUCTIONID,AUCTIONTITLE,PRICE,LOCATION,URL,STAT,ENDTIME,TS
Carrier Command,112767714289,CARRIER COMMAND AMIGA DISKETTE SPIEL #76,10,"Neuwied,Deutschland",http://www.ebay.de/itm/CARRIER-COMMAND-AMIGA-DISKETTE-SPIEL-76-/112767714289,Active,2019-01-16 11:56:28,2019-01-08 17:47:51
Altered Beast,112793334449,Power Up: X-Out/Altered Beast/Chase H.Q. Amiga CBM ocean,30,"Mutlangen,Deutschland",http://www.ebay.de/itm/Power-Up-X-Out-Altered-Beast-Chase-H-Q-Amiga-CBM-ocean-/112793334449,Active,2019-01-29 15:21:50,2019-01-08 17:47:03
Bonanza Bros,113143623977,"Amiga Spiel: original Bonanza Bros., gebraucht, 1 Diskette",15.9,"Köln,Deutschland",http://www.ebay.de/itm/Amiga-Spiel-original-Bonanza-Bros-gebraucht-1-Diskette-/113143623977,Active,2019-02-05 20:27:47,2019-01-08 17:47:39
Bully's Sporting Darts,113143638737,"Amiga Spiel: original Bully's Sporting Darts, gebraucht, 1 Diskette, RARITÄT!!!",12.9,"Köln,Deutschland",http://www.ebay.de/itm/Amiga-Spiel-original-Bullys-Sporting-Darts-gebraucht-1-Diskette-RARITAT-/113143638737,Active,2019-02-05 20:38:15,2019-01-08 17:47:46
Big Run,113157593665,Spiel Run The Handschuh Auf Commodore Amiga Big Box / Box,11.99,Frankreich,http://www.ebay.de/itm/Spiel-Run-The-Handschuh-Commodore-Amiga-Big-Box-Box-/113157593665,Active,2019-01-15 12:43:58,2019-01-08 17:47:30
Campaign,113203192881,"Campaign for Commodore Amiga, Empire Software, Big Box, 1992, VGC, CIB",11.99,Großbritannien,http://www.ebay.de/itm/Campaign-for-Commodore-Amiga-Empire-Software-Big-Box-1992-VGC-CIB-/113203192881,Active,2019-01-12 11:52:07,2019-01-08 17:47:47
BadLands,113439982317,Boxed Commodoe Amiga Game - Badlands,5.49,Großbritannien,http://www.ebay.de/itm/Boxed-Commodoe-Amiga-Game-Badlands-/113439982317,Active,2019-01-09 20:07:44,2019-01-08 17:47:18
Bubble Ghost,113449434124,BUBBLE GHOST - Amiga Game - Commodore - Cleaned & Tested,14.99,Großbritannien,http://www.ebay.de/itm/BUBBLE-GHOST-Amiga-Game-Commodore-Cleaned-Tested-/113449434124,Active,2019-01-12 21:02:41,2019-01-08 17:47:45
Carrier Command,113530172653,Commodore Amiga Carrier Command 1987 Realtime Games and Mirror Image,30,Kanada,http://www.ebay.de/itm/Commodore-Amiga-Carrier-Command-1987-Realtime-Games-and-Mirror-Image-/113530172653,Active,2019-02-05 23:18:04,2019-01-08 17:47:51
Amberstar,123540795171,"~ Boxed Amiga Collectible ~ Amberstar (Thalion, 1992)",112.99,"Xanten,Deutschland",http://www.ebay.de/itm/Boxed-Amiga-Collectible-Amberstar-Thalion-1992-/123540795171,Active,2019-01-11 14:49:19,2019-01-08 17:47:04
"Carl Lewis Challenge, The",123540808103,"~ Boxed Amiga Collectible ~ The Carl Lewis Challenge (Psygnosis, 1992)",42.99,"Xanten,Deutschland",http://www.ebay.de/itm/Boxed-Amiga-Collectible-The-Carl-Lewis-Challenge-Psygnosis-1992-/123540808103,Active,2019-01-11 15:00:17,2019-01-08 17:47:50
Aladdin,123545583528,"Aladdin, Commodore Amiga Game, Fair Condition, Tested, #111",29.99,Großbritannien,http://www.ebay.de/itm/Aladdin-Commodore-Amiga-Game-Fair-Condition-Tested-111-/123545583528,Active,2019-01-14 12:07:29,2019-01-08 17:46:58
"Secret of Monkey Island, The",123549631520,"~ Amiga Collectible ~ The Secret of Monkey Island (LucasArts, 1990)",29.99,"Xanten,Deutschland",http://www.ebay.de/itm/Amiga-Collectible-The-Secret-of-Monkey-Island-LucasArts-1990-/123549631520,Active,2019-01-16 12:24:25,2019-01-08 17:47:57
"Secret of Monkey Island, The",123553225301,"~ Amiga Collectible ~ The Secret of Monkey Island (LucasArts, 1990)",36.99,"Xanten,Deutschland",http://www.ebay.de/itm/Amiga-Collectible-The-Secret-of-Monkey-Island-LucasArts-1990-/123553225301,Active,2019-01-18 12:35:13,2019-01-08 17:47:57
Castles,123553665570,"~ Amiga Collectible ~ Dragon's Lair: Escape from Singe's Castle (Bluth, 1989)",22.99,"Xanten,Deutschland",http://www.ebay.de/itm/Amiga-Collectible-Dragons-Lair-Escape-from-Singes-Castle-Bluth-1989-/123553665570,Active,2019-01-18 18:12:44,2019-01-08 17:47:52
Bubba 'n' Stix,123553668465,"~ Boxed Amiga Collectible ~ Bubba 'n' Stix (Core Design, 1993)",32.99,"Xanten,Deutschland",http://www.ebay.de/itm/Boxed-Amiga-Collectible-Bubba-n-Stix-Core-Design-1993-/123553668465,Active,2019-01-18 18:16:01,2019-01-08 17:47:43
Bubba 'n' Stix,123553911903,"~ Amiga Collectible ~ Bubba 'n' Stix (Core Design, 1993)",9.99,"Xanten,Deutschland",http://www.ebay.de/itm/Amiga-Collectible-Bubba-n-Stix-Core-Design-1993-/123553911903,Active,2019-01-18 21:07:12,2019-01-08 17:47:43
3D World Boxing,123553973941,"~ Amiga Collectible ~ 3D World Boxing (Prism Leisure Corporation, 1994)",14.99,"Xanten,Deutschland",http://www.ebay.de/itm/Amiga-Collectible-3D-World-Boxing-Prism-Leisure-Corporation-1994-/123553973941,Active,2019-01-18 21:54:42,2019-01-08 17:46:47
Armour-Geddon,123553975363,"~ Boxed Amiga Collectible ~ Armour-Geddon (Psygnosis, 1991)",39.99,"Xanten,Deutschland",http://www.ebay.de/itm/Boxed-Amiga-Collectible-Armour-Geddon-Psygnosis-1991-/123553975363,Active,2019-01-18 21:56:21,2019-01-08 17:47:11
Castles,123553977205,"~ Amiga Collectible ~ Dragon's Lair: Escape from Singe's Castle (Bluth, 1989)",22.99,"Xanten,Deutschland",http://www.ebay.de/itm/Amiga-Collectible-Dragons-Lair-Escape-from-Singes-Castle-Bluth-1989-/123553977205,Active,2019-01-18 21:58:21,2019-01-08 17:47:52
Advanced Ski Simulator,123553990358,"~ Boxed Amiga Collectible ~ Advanced Ski Simulator (Codemasters, 1988)",79.99,"Xanten,Deutschland",http://www.ebay.de/itm/Boxed-Amiga-Collectible-Advanced-Ski-Simulator-Codemasters-1988-/123553990358,Active,2019-01-18 22:13:04,2019-01-08 17:46:53
Black Crypt,123553992671,"~ Boxed Amiga Collectible ~ Black Crypt (Electronic Arts, 1992)",82.99,"Xanten,Deutschland",http://www.ebay.de/itm/Boxed-Amiga-Collectible-Black-Crypt-Electronic-Arts-1992-/123553992671,Active,2019-01-18 22:15:40,2019-01-08 17:47:32
"Third Courier, The",123553996062,"~ Boxed Amiga Collectible ~ The Third Courier (Accolade, 1989)",68.99,"Xanten,Deutschland",http://www.ebay.de/itm/Boxed-Amiga-Collectible-The-Third-Courier-Accolade-1989-/123553996062,Active,2019-01-18 22:20:05,2019-01-08 17:47:58
Big Business,123554001793,"~ Amiga Collectible ~ Big Business (Magic Bytes, 1990)",28.99,"Xanten,Deutschland",http://www.ebay.de/itm/Amiga-Collectible-Big-Business-Magic-Bytes-1990-/123554001793,Active,2019-01-18 22:26:28,2019-01-08 17:47:29
"Secret of Monkey Island, The",123554003526,"~ Amiga Collectible ~ The Secret of Monkey Island (LucasArts, 1990)",16.99,"Xanten,Deutschland",http://www.ebay.de/itm/Amiga-Collectible-The-Secret-of-Monkey-Island-LucasArts-1990-/123554003526,Active,2019-01-18 22:27:42,2019-01-08 17:47:57
"Adventures of Robin Hood, The",123554008327,"~ Amiga Collectible ~ The Adventures of Robin Hood (Millennium, 1991)",9.99,"Xanten,Deutschland",http://www.ebay.de/itm/Amiga-Collectible-The-Adventures-of-Robin-Hood-Millennium-1991-/123554008327,Active,2019-01-18 22:34:25,2019-01-08 17:46:54
Altered Beast,123554008738,"~ Boxed Amiga Collectible ~ Altered Beast (Activision, 1989)",92.99,"Xanten,Deutschland",http://www.ebay.de/itm/Boxed-Amiga-Collectible-Altered-Beast-Activision-1989-/123554008738,Active,2019-01-18 22:35:09,2019-01-08 17:47:03
Brat,123554011914,"~ Amiga Collectible ~ Brat (Image Works, 1991)",11.99,"Xanten,Deutschland",http://www.ebay.de/itm/Amiga-Collectible-Brat-Image-Works-1991-/123554011914,Active,2019-01-18 22:39:44,2019-01-08 17:47:41
Black Crypt,123554012403,"~ Boxed Amiga Collectible ~ Black Crypt (Electronic Arts, 1992)",92.99,"Xanten,Deutschland",http://www.ebay.de/itm/Boxed-Amiga-Collectible-Black-Crypt-Electronic-Arts-1992-/123554012403,Active,2019-01-18 22:40:23,2019-01-08 17:47:32
Atomino,123554014900,"~ Boxed Amiga Collectible ~ Atomino (Psygnosis, 1991)",49.99,"Xanten,Deutschland",http://www.ebay.de/itm/Boxed-Amiga-Collectible-Atomino-Psygnosis-1991-/123554014900,Active,2019-01-18 22:42:54,2019-01-08 17:47:14
Battle Valley,123554014952,"~ Amiga Collectible ~ Battle Valley (Hewson, 1989)",9.99,"Xanten,Deutschland",http://www.ebay.de/itm/Amiga-Collectible-Battle-Valley-Hewson-1989-/123554014952,Active,2019-01-18 22:42:55,2019-01-08 17:47:24
"Bard's Tale III, The: Thief of",123555002496,"~ Amiga Collectible ~ The Bard's Tale III - The Thief of Fate (Interplay, 1991)",19.99,"Xanten,Deutschland",http://www.ebay.de/itm/Amiga-Collectible-The-Bards-Tale-III-The-Thief-of-Fate-Interplay-1991-/123555002496,Active,2019-01-19 11:35:34,2019-01-08 17:47:21
Apocalypse,123555002770,"~ Boxed Amiga Collectible ~ Apocalypse (Virgin Interactive Entertainment, 1993)",89.99,"Xanten,Deutschland",http://www.ebay.de/itm/Boxed-Amiga-Collectible-Apocalypse-Virgin-Interactive-Entertainment-1993-/123555002770,Active,2019-01-19 11:35:40,2019-01-08 17:47:06
Baal,123555008907,"~ Amiga Collectible ~ Baal (Psyclapse, 1989)",19.99,"Xanten,Deutschland",http://www.ebay.de/itm/Amiga-Collectible-Baal-Psyclapse-1989-/123555008907,Active,2019-01-19 11:44:00,2019-01-08 17:47:16
"Third Courier, The",123558013302,"~ Boxed Amiga Collectible ~ The Third Courier (Accolade, 1989)",68.99,"Xanten,Deutschland",http://www.ebay.de/itm/Boxed-Amiga-Collectible-The-Third-Courier-Accolade-1989-/123558013302,Active,2019-01-21 12:52:30,2019-01-08 17:47:58
Carnage,123564068805,Commodore Amiga CD32 Total Carnage  Rarität,24,"Duisburg,Deutschland",http://www.ebay.de/itm/Commodore-Amiga-CD32-Total-Carnage-Raritat-/123564068805,Active,2019-01-25 15:39:16,2019-01-08 17:47:50
Brian the Lion,123564071251,Commodore Amiga CD32 Brian the Lion  Rarität !,39,"Duisburg,Deutschland",http://www.ebay.de/itm/Commodore-Amiga-CD32-Brian-the-Lion-Raritat-/123564071251,Active,2019-01-25 15:42:33,2019-01-08 17:47:42
Alfred Chicken,123564075992,Commodore Amiga CD32 Alfred Chicken - Rarität !,19,"Duisburg,Deutschland",http://www.ebay.de/itm/Commodore-Amiga-CD32-Alfred-Chicken-Raritat-/123564075992,Active,2019-01-25 15:49:11,2019-01-08 17:46:59
Beneath A Steel Sky,123567468037,"Amiga Originalspiel "" Beneath a Steel Sky "" inklusive Originalverpackung",80,Österreich,http://www.ebay.de/itm/Amiga-Originalspiel-Beneath-a-Steel-Sky-inklusive-Originalverpackung-/123567468037,Active,2019-01-27 10:03:35,2019-01-08 17:47:28
A-Train,123569026806,"~ Amiga Collectible ~ A-Train (Artdink Corporation, 1992)",9.99,"Xanten,Deutschland",http://www.ebay.de/itm/Amiga-Collectible-A-Train-Artdink-Corporation-1992-/123569026806,Active,2019-01-28 09:38:43,2019-01-08 17:46:50
B-17 Flying Fortress,123572430482,"B17 Flying Fortress, Commodore Amiga Game, Fair Condition, Tested, #108",17.99,Großbritannien,http://www.ebay.de/itm/B17-Flying-Fortress-Commodore-Amiga-Game-Fair-Condition-Tested-108-/123572430482,Active,2019-01-30 13:31:07,2019-01-08 17:47:15
Battlehawks 1942,123572757883,"Battlehawks 1942 (Kixx), Fair Condition, Commodore Amiga Game, Tested, #247",9.99,Großbritannien,http://www.ebay.de/itm/Battlehawks-1942-Kixx-Fair-Condition-Commodore-Amiga-Game-Tested-247-/123572757883,Active,2019-01-30 18:58:07,2019-01-08 17:47:25
Bubba 'n' Stix,123575312385,AMIGA Game Bubba ‚n‘ Stix | Core Design 1993 | Gut - Sehr guter Zustand getestet,15,"Steinberg,Deutschland",http://www.ebay.de/itm/AMIGA-Game-Bubba-n-Stix-Core-Design-1993-Gut-Sehr-guter-Zustand-getestet-/123575312385,Active,2019-01-09 11:10:33,2019-01-08 17:47:43
Buggy Boy,123580710360,Amiga 500 OCS Commodore Game Buggy Boy / Buggy Boy 1988 von  Elite Tatsumi,15,"Steinberg,Deutschland",http://www.ebay.de/itm/Amiga-500-OCS-Commodore-Game-Buggy-Boy-Buggy-Boy-1988-Elite-Tatsumi-/123580710360,Active,2019-01-15 19:26:37,2019-01-08 17:47:45
Blastar,123580714437,Amiga Commodore Game Blastar 1993 / Core Design   Core Design GUT funktioniert,35,"Steinberg,Deutschland",http://www.ebay.de/itm/Amiga-Commodore-Game-Blastar-1993-Core-Design-Core-Design-GUT-funktioniert-/123580714437,Active,2019-01-15 19:31:21,2019-01-08 17:47:34
American Gladiators,123582606471,"American Gladiators, Fair condition, Commodore Amiga Game, Tested, #192",19.99,Großbritannien,http://www.ebay.de/itm/American-Gladiators-Fair-condition-Commodore-Amiga-Game-Tested-192-/123582606471,Active,2019-02-05 19:48:41,2019-01-08 17:47:05
Battle Isle,123583884730,"~ Boxed Amiga Collectibles ~ Battle Isle, Data Disk 1 & 2 & Battle Field Creator",269.99,"Xanten,Deutschland",http://www.ebay.de/itm/Boxed-Amiga-Collectibles-Battle-Isle-Data-Disk-1-2-Battle-Field-Creator-/123583884730,Active,2019-02-06 13:40:32,2019-01-08 17:47:24
A320 Airbus,123584299778,"~ Boxed Amiga Collectible ~ A320 Airbus: Edition USA (Thalion, 1993)",36.99,"Xanten,Deutschland",http://www.ebay.de/itm/Boxed-Amiga-Collectible-A320-Airbus-Edition-USA-Thalion-1993-/123584299778,Active,2019-02-06 16:35:38,2019-01-08 17:46:51
A320 Airbus,123584302516,"~ Boxed Amiga Collectible ~ A320 Airbus Vol. 2 (Thalion, 1995)",36.99,"Xanten,Deutschland",http://www.ebay.de/itm/Boxed-Amiga-Collectible-A320-Airbus-Vol-2-Thalion-1995-/123584302516,Active,2019-02-06 16:39:47,2019-01-08 17:46:51
Atomino,130399533864,Amiga:  ATOMINO  - Softgold 1993,16.99,Deutschland,http://www.ebay.de/itm/Amiga-ATOMINO-Softgold-1993-/130399533864,Active,2019-01-25 00:26:23,2019-01-08 17:47:14
Budokan: The Martial Spirit,131269907853,Amiga: Budokan: The Martial Spirit - Electronic Arts 1989,24.99,Deutschland,http://www.ebay.de/itm/Amiga-Budokan-The-Martial-Spirit-Electronic-Arts-1989-/131269907853,Active,2019-01-20 20:50:04,2019-01-08 17:47:45
Campaign,131650152934,Amiga: Campaign - Empire 1992,19.99,Deutschland,http://www.ebay.de/itm/Amiga-Campaign-Empire-1992-/131650152934,Active,2019-01-24 19:19:18,2019-01-08 17:47:47
B.A.T. II,131754524932,Amiga: B.A.T. II  2  BAT - Ubi Soft 1992,49.9,Deutschland,http://www.ebay.de/itm/Amiga-B-A-T-II-2-BAT-Ubi-Soft-1992-/131754524932,Active,2019-01-30 23:20:18,2019-01-08 17:47:16
Battle Command,131775791528,Amiga: Battle Command - Ocean Software 1990,39.9,Deutschland,http://www.ebay.de/itm/Amiga-Battle-Command-Ocean-Software-1990-/131775791528,Active,2019-01-23 21:10:37,2019-01-08 17:47:24
Air Support,131870740455,Amiga:  Air Support - Psygnosis 1992,29.99,Deutschland,http://www.ebay.de/itm/Amiga-Air-Support-Psygnosis-1992-/131870740455,Active,2019-01-23 18:18:00,2019-01-08 17:46:57
Ballistix,132069117229,Amiga:  Ballistix - Psygnosis 1989,34.99,Deutschland,http://www.ebay.de/itm/Amiga-Ballistix-Psygnosis-1989-/132069117229,Active,2019-01-08 21:02:42,2019-01-08 17:47:19
Blood Money,132069207881,Amiga:  Blood Money - Psygnosis 1989,79.9,Deutschland,http://www.ebay.de/itm/Amiga-Blood-Money-Psygnosis-1989-/132069207881,Active,2019-01-08 23:00:17,2019-01-08 17:47:36
Alien³,132697355787,Amiga: Zak McKracken and the Alien Mindbenders - Lucasfilm Games 1988 mit OVP,369.9,Deutschland,http://www.ebay.de/itm/Amiga-Zak-McKracken-and-the-Alien-Mindbenders-Lucasfilm-Games-1988-OVP-/132697355787,Active,2019-02-04 20:52:09,2019-01-08 17:47:02
"Secret of Monkey Island, The",132874152503,Amiga:  The Secret of Monkey Island - Lusasfilm 1991,229.9,Deutschland,http://www.ebay.de/itm/Amiga-The-Secret-of-Monkey-Island-Lusasfilm-1991-/132874152503,Active,2019-01-30 17:03:59,2019-01-08 17:47:57
Brides of Dracula,132900949353,The Brides Of Dracula Amiga Tested,69.99,Großbritannien,http://www.ebay.de/itm/The-Brides-Of-Dracula-Amiga-Tested-/132900949353,Active,2019-01-26 15:20:37,2019-01-08 17:47:42
4D Sports Boxing,132908632109,4D Sports Boxing (1990 - Mindscape) Eurobox Amiga Verschweißt / SEALED,45,"Leonberg,Deutschland",http://www.ebay.de/itm/4D-Sports-Boxing-1990-Mindscape-Eurobox-Amiga-Verschweist-SEALED-/132908632109,Active,2019-02-03 21:22:40,2019-01-08 17:46:47
Alfred Chicken,132910516922,Amiga CD 32 Spiel Alfred Chicken,1,"Cuxhaven,Deutschland",http://www.ebay.de/itm/Amiga-CD-32-Spiel-Alfred-Chicken-/132910516922,Active,2019-01-13 18:12:21,2019-01-08 17:46:59
Alien³,143020993987,Alien Breed Tower Assault Team 17 Commodore Amiga Boxed Ovp,14.95,Österreich,http://www.ebay.de/itm/Alien-Breed-Tower-Assault-Team-17-Commodore-Amiga-Boxed-Ovp-/143020993987,Active,2019-01-19 14:44:12,2019-01-08 17:47:02
Back to the Future Part II,143062762234,Back to the Future Part II 2 | Commodore Amiga 500 1000 2000  | Image Works 1990,7.99,Großbritannien,http://www.ebay.de/itm/Back-to-the-Future-Part-II-2-Commodore-Amiga-500-1000-2000-Image-Works-1990-/143062762234,Active,2019-01-22 14:48:26,2019-01-08 17:47:17
Bionic Commando,143068124496,Bionic Commando Capcom Commodore Amiga PC DOS Dual Version Ovp Boxed,19.95,Österreich,http://www.ebay.de/itm/Bionic-Commando-Capcom-Commodore-Amiga-PC-DOS-Dual-Version-Ovp-Boxed-/143068124496,Active,2019-01-26 12:01:18,2019-01-08 17:47:31
Arabian Nights,143068124754,Arabian Nights Krisalis Commodore Amiga Ovp Boxed,39.95,Österreich,http://www.ebay.de/itm/Arabian-Nights-Krisalis-Commodore-Amiga-Ovp-Boxed-/143068124754,Active,2019-01-26 12:01:48,2019-01-08 17:47:08
Archipelagos,153240645319,Commodore Amiga - Archipelagos - funzt / works,5,"Diemelsee,Deutschland",http://www.ebay.de/itm/Commodore-Amiga-Archipelagos-funzt-works-/153240645319,Active,2019-01-29 17:18:14,2019-01-08 17:47:09
Another World,153251735914,Another World 20th Anniversary Edition Pc Win Vista Win 7 8 MAC OS AMIGA NEW,14.95,Österreich,http://www.ebay.de/itm/Another-World-20th-Anniversary-Edition-Pc-Win-Vista-Win-7-8-MAC-OS-AMIGA-NEW-/153251735914,Active,2019-02-06 13:42:13,2019-01-08 17:47:06
Another World,153264748139,Another World 20th Anniversary Edition Pc Win XP Vista Win 7 8 MAC OS AMIGA,9.95,Österreich,http://www.ebay.de/itm/Another-World-20th-Anniversary-Edition-Pc-Win-XP-Vista-Win-7-8-MAC-OS-AMIGA-/153264748139,Active,2019-01-16 12:00:18,2019-01-08 17:47:06
Carrier Command,153267524041,Carrier Command Rainbird Amiga Ovp Boxed Working!,19.95,Österreich,http://www.ebay.de/itm/Carrier-Command-Rainbird-Amiga-Ovp-Boxed-Working-/153267524041,Active,2019-01-18 11:07:14,2019-01-08 17:47:51
Alien³,153317625440,Alien 3 III Akklaim Virgin Commodore Amiga Ovp Boxed,49.95,Österreich,http://www.ebay.de/itm/Alien-3-III-Akklaim-Virgin-Commodore-Amiga-Ovp-Boxed-/153317625440,Active,2019-01-25 11:43:56,2019-01-08 17:47:02
Barbarian II,153323369759,Amiga 500 - Spiel Barbarian II,10,"Hildesheim,Deutschland",http://www.ebay.de/itm/Amiga-500-Spiel-Barbarian-II-/153323369759,Active,2019-01-10 09:38:36,2019-01-08 17:47:20
Benefactor,153323676246,Benefactor Bene Factor Commodore Amiga Ovp Boxed Working! Psygnosis,39.95,Österreich,http://www.ebay.de/itm/Benefactor-Bene-Factor-Commodore-Amiga-Ovp-Boxed-Working-Psygnosis-/153323676246,Active,2019-01-30 16:19:31,2019-01-08 17:47:28
Bill's Tomato Game,153323678304,Bill's Tomato Game Bills Psygnosis Commodore Amiga New in Blister,99.95,Österreich,http://www.ebay.de/itm/Bills-Tomato-Game-Bills-Psygnosis-Commodore-Amiga-New-Blister-/153323678304,Active,2019-01-30 16:22:17,2019-01-08 17:47:31
Battle Valley,153328695410,Amiga Orig.Disketten/Spiele:James Pond/FIFA/Battle Valley/Cool Croc etc[s.Fotos],10,"Hildesheim,Deutschland",http://www.ebay.de/itm/Amiga-Orig-Disketten-Spiele-James-Pond-FIFA-Battle-Valley-Cool-Croc-etc-s-Fotos-/153328695410,Active,2019-01-12 20:00:13,2019-01-08 17:47:24
Alien³,153329341511,Zak McKracken and the Alien Mindbenders [Amigaspiel]LucasFilm Kult-Adventure TOP,75,"Hildesheim,Deutschland",http://www.ebay.de/itm/Zak-McKracken-and-the-Alien-Mindbenders-Amigaspiel-LucasFilm-Kult-Adventure-TOP-/153329341511,Active,2019-01-12 15:25:15,2019-01-08 17:47:02
Burntime,153329380017,Amiga Spiel Burntime,59,"Ronneburg,Deutschland",http://www.ebay.de/itm/Amiga-Spiel-Burntime-/153329380017,Active,2019-02-04 16:10:38,2019-01-08 17:47:46
"Art of Chess, The",162742233329,The Art of Chess (Tenstar) Commodore Amiga Game - VGC & Complete,3.91,Großbritannien,http://www.ebay.de/itm/The-Art-of-Chess-Tenstar-Commodore-Amiga-Game-VGC-Complete-/162742233329,Active,2019-01-31 19:52:02,2019-01-08 17:47:12
Bubba 'n' Stix,162918062708,Amiga 500 - BUBBA´N´STIX - Core Design 1994 - Jump 'n' Run - getestet,9.99,"Neustadt,Deutschland",http://www.ebay.de/itm/Amiga-500-BUBBA-N-STIX-Core-Design-1994-Jump-n-Run-getestet-/162918062708,Active,2019-01-21 09:27:55,2019-01-08 17:47:43
Alcatraz,163350659363,ALCATRAZ INFOGRAMES 1992 FLOPPY-DISK 3½ COMMODORE AMIGA 500 PLUS 1000 2000 DISK,35,Spanien,http://www.ebay.de/itm/ALCATRAZ-INFOGRAMES-1992-FLOPPY-DISK-3-COMMODORE-AMIGA-500-PLUS-1000-2000-DISK-/163350659363,Active,2019-01-31 11:59:14,2019-01-08 17:46:58
Champions of Krynn,163441299270,"Advanced Dungeons & Dragons: Champions Of Krynn ( Px, 1990) 8.9cm Amiga",43.83,Vereinigte Staaten von Amerika,http://www.ebay.de/itm/Advanced-Dungeons-Dragons-Champions-Of-Krynn-Px-1990-8-9cm-Amiga-/163441299270,Active,2019-01-19 00:23:50,2019-01-08 17:47:55
All Points Bulletin,163459018522,"ALL-POINTS BULLETIN for Commodore Amiga 3,5'' Floppy Disk - Disk only",18,Luxemburg,http://www.ebay.de/itm/ALL-POINTS-BULLETIN-for-Commodore-Amiga-3-5-Floppy-Disk-Disk-only-/163459018522,Active,2019-01-29 17:10:56,2019-01-08 17:47:03
Arabian Nights,173657882039,Arabian Nights für Commodore Amiga CD32,40.49,"Glött,Deutschland",http://www.ebay.de/itm/Arabian-Nights-Commodore-Amiga-CD32-/173657882039,Active,2019-01-23 16:28:24,2019-01-08 17:47:08
Battle Valley,173712695999,Battle Valley Commodore Amiga Disketten Big Box OVP,19.7,"Bad Homburg,Deutschland",http://www.ebay.de/itm/Battle-Valley-Commodore-Amiga-Disketten-Big-Box-OVP-/173712695999,Active,2019-01-28 07:19:24,2019-01-08 17:47:24
Alpha Waves,173725096927,Amiga Alpha Waves Infogrames 1990,2.95,"Hamburg,Deutschland",http://www.ebay.de/itm/Amiga-Alpha-Waves-Infogrames-1990-/173725096927,Active,2019-01-12 18:53:16,2019-01-08 17:47:03
A320 Airbus,173725099214,Amiga Airbus A320 Thalion 1991 Edition Europa,7.95,"Hamburg,Deutschland",http://www.ebay.de/itm/Amiga-Airbus-A320-Thalion-1991-Edition-Europa-/173725099214,Active,2019-01-12 18:56:06,2019-01-08 17:46:51
A320 Airbus,173726744837,Amiga Airbus A320 Thalion 1991,1,"Hamburg,Deutschland",http://www.ebay.de/itm/Amiga-Airbus-A320-Thalion-1991-/173726744837,Active,2019-01-13 19:48:38,2019-01-08 17:46:51
Brian the Lion,182838910379,Commodore Amiga CD32 Game - Brian The Lion,58.75,Großbritannien,http://www.ebay.de/itm/Commodore-Amiga-CD32-Game-Brian-The-Lion-/182838910379,Active,2019-01-11 09:33:03,2019-01-08 17:47:42
Assassin,183229974217,Commodore Amiga CD32 CDTV A570 Cd ROM Game - Assassins,23.25,Großbritannien,http://www.ebay.de/itm/Commodore-Amiga-CD32-CDTV-A570-Cd-ROM-Game-Assassins-/183229974217,Active,2019-01-12 09:45:07,2019-01-08 17:47:13
Arabian Nights,183468444296,Commodore Amiga CD32 Game - Arabian Nights,25.5,Großbritannien,http://www.ebay.de/itm/Commodore-Amiga-CD32-Game-Arabian-Nights-/183468444296,Active,2019-02-01 09:53:50,2019-01-08 17:47:08
Alfred Chicken,183490793118,AMIGA - ALFRED CHICKEN - MINDSCAPE - 1993 - G/C,9.95,Großbritannien,http://www.ebay.de/itm/AMIGA-ALFRED-CHICKEN-MINDSCAPE-1993-G-C-/183490793118,Active,2019-01-15 16:18:07,2019-01-08 17:46:59
ATR: All Terrain Racing,183552295867,ATR - All Terrain Racing für Commodore Amiga CD32,53.1,"Glött,Deutschland",http://www.ebay.de/itm/ATR-All-Terrain-Racing-Commodore-Amiga-CD32-/183552295867,Active,2019-01-23 15:28:24,2019-01-08 17:47:14
Banshee,183552353198,Banshee für Commodore Amiga CD32,89.1,"Glött,Deutschland",http://www.ebay.de/itm/Banshee-Commodore-Amiga-CD32-/183552353198,Active,2019-01-23 16:30:21,2019-01-08 17:47:19
Bubba 'n' Stix,183552354579,Bubba n Stix für Commodore Amiga CD32,26.1,"Glött,Deutschland",http://www.ebay.de/itm/Bubba-n-Stix-Commodore-Amiga-CD32-/183552354579,Active,2019-01-23 16:31:44,2019-01-08 17:47:43
Carrier Command,183576615771,Carrier Command Rainbird Amiga Ovp PC&Compatible 3.5 von 1988,24.9,"Berlin,Deutschland",http://www.ebay.de/itm/Carrier-Command-Rainbird-Amiga-Ovp-PC-Compatible-3-5-1988-/183576615771,Active,2019-01-08 19:56:44,2019-01-08 17:47:51
Celtic Legends,183598269952,"AMIGA -- CELTIC LEGENDS ♦ ubisoft 1991 ♦ BIG BOX ♦ COMMODORE disk game, Spiel",20,"Berlin,Deutschland",http://www.ebay.de/itm/AMIGA-CELTIC-LEGENDS-ubisoft-1991-BIG-BOX-COMMODORE-disk-game-Spiel-/183598269952,Active,2019-01-20 22:31:58,2019-01-08 17:47:54
Alfred Chicken,183611746060,Alfred Chicken für Commodore Amiga CD32 - noch eingeschweisst,14,"Heidenheim,Deutschland",http://www.ebay.de/itm/Alfred-Chicken-Commodore-Amiga-CD32-noch-eingeschweisst-/183611746060,Active,2019-01-09 11:43:27,2019-01-08 17:46:59
Battle Chess II: Chinese Chess,183621016153,NEW ! AMIGA ♦ BATTLE CHESS II 2 ♦ Chinese ♦ SEALED ♦ Commodore Game . Spiel neu,39,"Berlin,Deutschland",http://www.ebay.de/itm/NEW-AMIGA-BATTLE-CHESS-II-2-Chinese-SEALED-Commodore-Game-Spiel-neu-/183621016153,Active,2019-02-03 21:44:26,2019-01-08 17:47:23
Atomino,183623962057,AMIGA - ATOMINO ♦ rar Psygnosis + bluebyte version 1991 ♦ Commodore Game . Spiel,22,"Berlin,Deutschland",http://www.ebay.de/itm/AMIGA-ATOMINO-rar-Psygnosis-bluebyte-version-1991-Commodore-Game-Spiel-/183623962057,Active,2019-02-05 20:25:43,2019-01-08 17:47:14
Brian the Lion,183626395633,Brian The Lion Spiel Psygnosis Commodore Amiga CD32 Rarität in Box Boxed OVP,180,"Essen,Deutschland",http://www.ebay.de/itm/Brian-The-Lion-Spiel-Psygnosis-Commodore-Amiga-CD32-Raritat-Box-Boxed-OVP-/183626395633,Active,2019-02-07 12:10:35,2019-01-08 17:47:42
Battlehawks 1942,192243597596,Battlehawks 1942  Computer Game CBM Amiga Big box,9.99,Großbritannien,http://www.ebay.de/itm/Battlehawks-1942-Computer-Game-CBM-Amiga-Big-box-/192243597596,Active,2019-01-31 08:03:23,2019-01-08 17:47:25
Body Blows,192340455982,Commodore Amiga Computer Retro Game Body Blows Boxed W/ Manual,11.43,Großbritannien,http://www.ebay.de/itm/Commodore-Amiga-Computer-Retro-Game-Body-Blows-Boxed-W-Manual-/192340455982,Active,2019-01-14 15:16:00,2019-01-08 17:47:37
Better Dead Than Alien!,192429631909,Better dead than Alien Commodore Amiga Rare title,50,Großbritannien,http://www.ebay.de/itm/Better-dead-than-Alien-Commodore-Amiga-Rare-title-/192429631909,Active,2019-01-12 13:59:51,2019-01-08 17:47:29
Alien³,192465432104,Commodore Amiga 500 Retro gaming Game Alien Breed 2 Boxed Cib,19.51,Großbritannien,http://www.ebay.de/itm/Commodore-Amiga-500-Retro-gaming-Game-Alien-Breed-2-Boxed-Cib-/192465432104,Active,2019-01-20 13:22:52,2019-01-08 17:47:02
A-Train,192489337211,A TRain Big Box Amiga Game Complete,10,Großbritannien,http://www.ebay.de/itm/A-TRain-Big-Box-Amiga-Game-Complete-/192489337211,Active,2019-01-16 11:30:55,2019-01-08 17:46:50
Armour-Geddon,192522737124,Armour-geddon Big Box Amiga Psygnosis Original release complete,25,Großbritannien,http://www.ebay.de/itm/Armour-geddon-Big-Box-Amiga-Psygnosis-Original-release-complete-/192522737124,Active,2019-01-21 14:31:32,2019-01-08 17:47:11
Alfred Chicken,192534350241,Alfred Chicken Amiga 1200 Big Box original release,20,Großbritannien,http://www.ebay.de/itm/Alfred-Chicken-Amiga-1200-Big-Box-original-release-/192534350241,Active,2019-02-02 14:22:55,2019-01-08 17:46:59
Castles,192571098657,Castle Master  Amiga Commondore mit OVP *Retro*Kult*,36.99,"Diedorf,Deutschland",http://www.ebay.de/itm/Castle-Master-Amiga-Commondore-OVP-Retro-Kult-/192571098657,Active,2019-01-13 11:50:30,2019-01-08 17:47:52
Celtic Legends,192627204030,Celtic Legends für Amiga mit Anleitung RETRO *KULT*,9.99,"Diedorf,Deutschland",http://www.ebay.de/itm/Celtic-Legends-Amiga-Anleitung-RETRO-KULT-/192627204030,Active,2019-01-11 11:04:50,2019-01-08 17:47:54
Amberstar,192778151803,Amiga Amberstar,150,"Linkenheim-Hochstetten,Deutschland",http://www.ebay.de/itm/Amiga-Amberstar-/192778151803,Active,2019-01-09 15:56:58,2019-01-08 17:47:04
Cabal,192781309351,Cabal Amiga Original,1.5,"Baek,Deutschland",http://www.ebay.de/itm/Cabal-Amiga-Original-/192781309351,Active,2019-01-12 17:05:21,2019-01-08 17:47:46
Block Out,192781310159,Block Out Amiga Original,1,"Baek,Deutschland",http://www.ebay.de/itm/Block-Out-Amiga-Original-/192781310159,Active,2019-01-12 17:05:54,2019-01-08 17:47:35
Beneath A Steel Sky,202046563058,BENEATH A STEEL SKY AMIGA German version Virgin 1994,160,"Oberammergau,Deutschland",http://www.ebay.de/itm/BENEATH-A-STEEL-SKY-AMIGA-German-version-Virgin-1994-/202046563058,Active,2019-01-27 19:58:09,2019-01-08 17:47:28
Battle Chess II: Chinese Chess,202046618178,Battle Chess II 2 Chinese Chess 1990 - 91 Interplay Amiga,35,"Oberammergau,Deutschland",http://www.ebay.de/itm/Battle-Chess-II-2-Chinese-Chess-1990-91-Interplay-Amiga-/202046618178,Active,2019-01-27 21:10:14,2019-01-08 17:47:23
A-Train,202273674577,A Train Big Box Amiga Classics + Construction Set,10,Großbritannien,http://www.ebay.de/itm/A-Train-Big-Box-Amiga-Classics-Construction-Set-/202273674577,Active,2019-01-22 12:50:06,2019-01-08 17:46:50
Alien³,202308640361,Alien Breed 3D Amiga A1200/A4000 Big Box Doom Clone,25,Großbritannien,http://www.ebay.de/itm/Alien-Breed-3D-Amiga-A1200-A4000-Big-Box-Doom-Clone-/202308640361,Active,2019-02-03 12:14:27,2019-01-08 17:47:02
Alien³,202308642873,Alien Breed 2 Amiga A1200/A4000 Big Box Gauntlet Clone Complete with Apache disc,35,Großbritannien,http://www.ebay.de/itm/Alien-Breed-2-Amiga-A1200-A4000-Big-Box-Gauntlet-Clone-Complete-with-Apache-disc-/202308642873,Active,2019-02-03 12:19:05,2019-01-08 17:47:02
Betrayal,202320533060,Betrayal Big Box Amiga Floppy disc Complete with inserts and poster map,20,Großbritannien,http://www.ebay.de/itm/Betrayal-Big-Box-Amiga-Floppy-disc-Complete-with-inserts-and-poster-map-/202320533060,Active,2019-01-18 11:30:30,2019-01-08 17:47:28
Captive,202513955909,Captive Mindscape Commodore Amiga OVP/BOXED,50,"Langenfeld,Deutschland",http://www.ebay.de/itm/Captive-Mindscape-Commodore-Amiga-OVP-BOXED-/202513955909,Active,2019-01-23 22:13:19,2019-01-08 17:47:50
"Addams Family, The",202513958815,The Addams Family Ocean Commodore Amiga OVP/BOXED,50,"Langenfeld,Deutschland",http://www.ebay.de/itm/The-Addams-Family-Ocean-Commodore-Amiga-OVP-BOXED-/202513958815,Active,2019-01-23 22:18:17,2019-01-08 17:46:53
Baby Jo in 'Going Home',202513961976,Baby JO in Going Home Loriciel Commodore Amiga OVP/BOXED,50,"Langenfeld,Deutschland",http://www.ebay.de/itm/Baby-JO-Going-Home-Loriciel-Commodore-Amiga-OVP-BOXED-/202513961976,Active,2019-01-23 22:24:39,2019-01-08 17:47:16
Celtic Legends,202514513003,Celtic Legends Ubi Soft Entertainment Software Commodore Amiga OVP/BOXED,50,"Langenfeld,Deutschland",http://www.ebay.de/itm/Celtic-Legends-Ubi-Soft-Entertainment-Software-Commodore-Amiga-OVP-BOXED-/202514513003,Active,2019-01-24 12:21:32,2019-01-08 17:47:54
All Points Bulletin,202514515372,APB All Points Bulletin Tengen Commodore Amiga OVP/BOXED,49.99,"Langenfeld,Deutschland",http://www.ebay.de/itm/APB-All-Points-Bulletin-Tengen-Commodore-Amiga-OVP-BOXED-/202514515372,Active,2019-01-24 12:26:26,2019-01-08 17:47:03
Alien³,202514573043,Xenophobe Exterminate the Aliens Commodore Amiga OVP/BOXED,59.99,"Langenfeld,Deutschland",http://www.ebay.de/itm/Xenophobe-Exterminate-the-Aliens-Commodore-Amiga-OVP-BOXED-/202514573043,Active,2019-01-24 13:39:47,2019-01-08 17:47:02
Botics,202521863846,Botics Krisalis Software Entertainment Commodore Amiga OVP,49.99,"Langenfeld,Deutschland",http://www.ebay.de/itm/Botics-Krisalis-Software-Entertainment-Commodore-Amiga-OVP-/202521863846,Active,2019-01-30 21:23:20,2019-01-08 17:47:40
Aaargh!,202521865392,AAArgh! Melbourne House Commodore Amiga OVP,49.99,"Langenfeld,Deutschland",http://www.ebay.de/itm/AAArgh-Melbourne-House-Commodore-Amiga-OVP-/202521865392,Active,2019-01-30 21:26:42,2019-01-08 17:46:51
Boston Bomb Club,202531698373,Boston Bomb Club :Commodore/AMIGA/Original verpackung / Boxed,28.9,"Reutlingen,Deutschland",http://www.ebay.de/itm/Boston-Bomb-Club-Commodore-AMIGA-Original-verpackung-Boxed-/202531698373,Active,2019-01-08 17:42:07,2019-01-08 17:47:40
Body Blows Galactic,202553849820,body Blows + body Blows Galactic / 2 AMIGA Spiele /Original verpackung / Boxed,43,"Reutlingen,Deutschland",http://www.ebay.de/itm/body-Blows-body-Blows-Galactic-2-AMIGA-Spiele-Original-verpackung-Boxed-/202553849820,Active,2019-01-11 13:39:48,2019-01-08 17:47:38
Atomino,202553849822,ATOMINO / PSYGNOSIS / Amiga Spiel Commodore - AMIGA/OVP/Boxed,64.9,"Reutlingen,Deutschland",http://www.ebay.de/itm/ATOMINO-PSYGNOSIS-Amiga-Spiel-Commodore-AMIGA-OVP-Boxed-/202553849822,Active,2019-01-11 13:39:48,2019-01-08 17:47:14
Big Run,202554744009,"Big Run A Storm Game for the AMIGA, Spiel für Commodore - AMIGA/OVP/ Boxed",50,"Reutlingen,Deutschland",http://www.ebay.de/itm/Big-Run-A-Storm-Game-for-the-AMIGA-Spiel-Commodore-AMIGA-OVP-Boxed-/202554744009,Active,2019-01-09 12:35:59,2019-01-08 17:47:30
Advanced Tactical Fighter II,223267136067,Amiga:  ATF II * Advanced Tactical Fighter II,9.5,"Bad Honnef,Deutschland",http://www.ebay.de/itm/Amiga-ATF-II-Advanced-Tactical-Fighter-II-/223267136067,Active,2019-01-31 10:53:47,2019-01-08 17:46:53
Beneath A Steel Sky,223295857374,"Beneath A Steel Sky (Amiga, 1994, Boxed)",50,"Velbert,Deutschland",http://www.ebay.de/itm/Beneath-A-Steel-Sky-Amiga-1994-Boxed-/223295857374,Active,2019-01-22 15:25:35,2019-01-08 17:47:28
Castles,223296328869,"Dark Castle (Amiga, 1987, Boxed)",70,"Velbert,Deutschland",http://www.ebay.de/itm/Dark-Castle-Amiga-1987-Boxed-/223296328869,Active,2019-01-22 22:42:20,2019-01-08 17:47:52
Bubba 'n' Stix,223296917390,Bubba ’n’ Stix (Amiga CD32),26.99,"Wolfsburg,Deutschland",http://www.ebay.de/itm/Bubba-n-Stix-Amiga-CD32-/223296917390,Active,2019-01-23 10:59:23,2019-01-08 17:47:43
Body Blows,223296917464,Ultimate Body Blows (Amiga CD32),35.99,"Wolfsburg,Deutschland",http://www.ebay.de/itm/Ultimate-Body-Blows-Amiga-CD32-/223296917464,Active,2019-01-23 10:59:31,2019-01-08 17:47:37
Black Viper,223296917828,Black Viper (CD only) (Amiga CD32),49.99,"Wolfsburg,Deutschland",http://www.ebay.de/itm/Black-Viper-CD-only-Amiga-CD32-/223296917828,Active,2019-01-23 11:00:08,2019-01-08 17:47:32
Castles,223309329040,"CD32 Castles II Siege & Conquest (Amiga, 1992, Jewel-Case)",20,"Velbert,Deutschland",http://www.ebay.de/itm/CD32-Castles-II-Siege-Conquest-Amiga-1992-Jewel-Case-/223309329040,Active,2019-02-02 10:25:13,2019-01-08 17:47:52
Alfred Chicken,223309329048,"CD32 Alfred Chicken (Amiga, 1993, Jewel-Case)",15,"Velbert,Deutschland",http://www.ebay.de/itm/CD32-Alfred-Chicken-Amiga-1993-Jewel-Case-/223309329048,Active,2019-02-02 10:25:13,2019-01-08 17:46:59
Alfred Chicken,223309329052,"CD32 Syndicate + Alfred Chicken (Amiga, 1995, Boxed)",54,"Velbert,Deutschland",http://www.ebay.de/itm/CD32-Syndicate-Alfred-Chicken-Amiga-1995-Boxed-/223309329052,Active,2019-02-02 10:25:13,2019-01-08 17:46:59
Bubble and Squeak,223309329057,"CD32 Bubble and Squeak (Amiga, 1995, Boxed)",250,"Velbert,Deutschland",http://www.ebay.de/itm/CD32-Bubble-and-Squeak-Amiga-1995-Boxed-/223309329057,Active,2019-02-02 10:25:13,2019-01-08 17:47:43
Alfred Chicken,223309329074,"CD32 Syndicate + Alfred Chicken (Amiga, 1995, Boxed) Neu!",55,"Velbert,Deutschland",http://www.ebay.de/itm/CD32-Syndicate-Alfred-Chicken-Amiga-1995-Boxed-Neu-/223309329074,Active,2019-02-02 10:25:13,2019-01-08 17:46:59
Alfred Chicken,223309329091,"CD32 Alfred Chicken (Amiga, 1993, Jewel-Case) Neu!",25,"Velbert,Deutschland",http://www.ebay.de/itm/CD32-Alfred-Chicken-Amiga-1993-Jewel-Case-Neu-/223309329091,Active,2019-02-02 10:25:14,2019-01-08 17:46:59
Campaign,223309333632,"Campaign Tactical & Strategic War Simulation (Amiga, 1992, Boxed)",35,"Velbert,Deutschland",http://www.ebay.de/itm/Campaign-Tactical-Strategic-War-Simulation-Amiga-1992-Boxed-/223309333632,Active,2019-02-02 10:28:38,2019-01-08 17:47:47
Advanced Tactical Fighter II,223309333648,"ATF II Advanced Tactical Fighter II (Amiga, 1990, Boxed)",35,"Velbert,Deutschland",http://www.ebay.de/itm/ATF-II-Advanced-Tactical-Fighter-II-Amiga-1990-Boxed-/223309333648,Active,2019-02-02 10:28:38,2019-01-08 17:46:53
"Black Cauldron, The",223309333654,"The Black Cauldron (Amiga, 1985, Boxed)",170,"Velbert,Deutschland",http://www.ebay.de/itm/The-Black-Cauldron-Amiga-1985-Boxed-/223309333654,Active,2019-02-02 10:28:38,2019-01-08 17:47:32
Air Support,223309333655,"Air Support (Amiga, 1992, Boxed)",45,"Velbert,Deutschland",http://www.ebay.de/itm/Air-Support-Amiga-1992-Boxed-/223309333655,Active,2019-02-02 10:28:38,2019-01-08 17:46:57
Campaign,223309333656,"Campaign Addon From North Africa to Northern Europe (Amiga, 1993, Boxed)",50,"Velbert,Deutschland",http://www.ebay.de/itm/Campaign-Addon-From-North-Africa-to-Northern-Europe-Amiga-1993-Boxed-/223309333656,Active,2019-02-02 10:28:38,2019-01-08 17:47:47
Campaign,223309334794,"Campaign II 50 Years of Global Conflict (Amiga, 1993, Boxed)",30,"Velbert,Deutschland",http://www.ebay.de/itm/Campaign-II-50-Years-of-Global-Conflict-Amiga-1993-Boxed-/223309334794,Active,2019-02-02 10:29:34,2019-01-08 17:47:47
4D Sports Boxing,223309336567,"Sports 4D Boxing (Amiga, 1991, Boxed)",15,"Velbert,Deutschland",http://www.ebay.de/itm/Sports-4D-Boxing-Amiga-1991-Boxed-/223309336567,Active,2019-02-02 10:30:51,2019-01-08 17:46:47
Air Bucks v1.2,223309336575,"Air Bucks v.1.2 Deutsch (Amiga, 1993)",15,"Velbert,Deutschland",http://www.ebay.de/itm/Air-Bucks-v-1-2-Deutsch-Amiga-1993-/223309336575,Active,2019-02-02 10:30:51,2019-01-08 17:46:56
Akira,232735978253,Akira Commodore Amiga OVP / boxed - mint !,79,"Ludwigshafen,Deutschland",http://www.ebay.de/itm/Akira-Commodore-Amiga-OVP-boxed-mint-/232735978253,Active,2019-01-11 08:50:12,2019-01-08 17:46:58
Body Blows,232735982148,Body Blows Commodore Amiga OVP / boxed,15,"Ludwigshafen,Deutschland",http://www.ebay.de/itm/Body-Blows-Commodore-Amiga-OVP-boxed-/232735982148,Active,2019-01-11 08:56:22,2019-01-08 17:47:37
Body Blows Galactic,232736039234,Body Blows Galactic Commodore Amiga OVP / boxed,15,"Ludwigshafen,Deutschland",http://www.ebay.de/itm/Body-Blows-Galactic-Commodore-Amiga-OVP-boxed-/232736039234,Active,2019-01-11 10:14:30,2019-01-08 17:47:38
Bubba 'n' Stix,232736041564,Bubba 'n' Stix Commodore Amiga OVP / boxed,20,"Ludwigshafen,Deutschland",http://www.ebay.de/itm/Bubba-n-Stix-Commodore-Amiga-OVP-boxed-/232736041564,Active,2019-01-11 10:17:46,2019-01-08 17:47:43
"Basket Manager, The",233064719559,The basket manager +OVP+Anleitung Amiga 500 Commodore 64 boxed cip 2000 c64 1200,29.99,Deutschland,http://www.ebay.de/itm/The-basket-manager-OVP-Anleitung-Amiga-500-Commodore-64-boxed-cip-2000-c64-1200-/233064719559,Active,2019-01-22 20:03:32,2019-01-08 17:47:22
Body Blows Galactic,252549293134,Commodore Amiga - Body Blows Galactic by Team 17,12.99,Großbritannien,http://www.ebay.de/itm/Commodore-Amiga-Body-Blows-Galactic-by-Team-17-/252549293134,Active,2019-01-08 16:56:39,2019-01-08 17:47:38
Alien³,253690903482,Zak McKracken and the Alien Mindbenders (AMIGA) Deutsch,149,"Alsdorf,Deutschland",http://www.ebay.de/itm/Zak-McKracken-and-the-Alien-Mindbenders-AMIGA-Deutsch-/253690903482,Active,2019-01-11 14:19:59,2019-01-08 17:47:02
Blood Money,253694201805,Blood Money (AMIGA),69,"Alsdorf,Deutschland",http://www.ebay.de/itm/Blood-Money-AMIGA-/253694201805,Active,2019-01-13 11:29:57,2019-01-08 17:47:36
Alfred Chicken,253732853428,Alfred Chicken - Amiga - Big Box - complete,12.74,Großbritannien,http://www.ebay.de/itm/Alfred-Chicken-Amiga-Big-Box-complete-/253732853428,Active,2019-01-31 18:43:51,2019-01-08 17:46:59
Boxing Masters,253848868793,Pro Boxing Simulator - Amiga - Code Masters,5.52,Großbritannien,http://www.ebay.de/itm/Pro-Boxing-Simulator-Amiga-Code-Masters-/253848868793,Active,2019-01-31 18:55:06,2019-01-08 17:47:41
Birds of Prey,253882167808,Birds of Prey Amiga Game Big Box Complete with Registration Card 1991,9.99,Großbritannien,http://www.ebay.de/itm/Birds-of-Prey-Amiga-Game-Big-Box-Complete-with-Registration-Card-1991-/253882167808,Active,2019-01-17 13:56:10,2019-01-08 17:47:32
Baal,253974634934,"BAAL AMIGA GAME. RETRO GAME! BOXED, FREE UK P&P!",19.99,Großbritannien,http://www.ebay.de/itm/BAAL-AMIGA-GAME-RETRO-GAME-BOXED-FREE-UK-P-P-/253974634934,Active,2019-01-09 19:33:50,2019-01-08 17:47:16
1st Division Manager,253974634945,"1ST DIVISION MANAGER - COMMODORE AMIGA GAME. BOXED RETRO GAME!, FREE UK P&P!",7.99,Großbritannien,http://www.ebay.de/itm/1ST-DIVISION-MANAGER-COMMODORE-AMIGA-GAME-BOXED-RETRO-GAME-FREE-UK-P-P-/253974634945,Active,2019-01-09 19:33:50,2019-01-08 17:46:46
Afterburner,253974634946,"AFTER BURNER - COMMODORE AMIGA GAME. BOXED RETRO GAME!, FREE UK P&P!",14.99,Großbritannien,http://www.ebay.de/itm/AFTER-BURNER-COMMODORE-AMIGA-GAME-BOXED-RETRO-GAME-FREE-UK-P-P-/253974634946,Active,2019-01-09 19:33:50,2019-01-08 17:46:55
Body Blows,254001452587,Amiga CD 32 Ultimate Body Blows,46,"Übach-Palenberg,Deutschland",http://www.ebay.de/itm/Amiga-CD-32-Ultimate-Body-Blows-/254001452587,Active,2019-01-26 17:06:06,2019-01-08 17:47:37
Another World,254007745936,"Another World - OVP  Amiga 500 Rar Kult, wie Flashback Delphine Software",49,"Westerstede,Deutschland",http://www.ebay.de/itm/Another-World-OVP-Amiga-500-Rar-Kult-Flashback-Delphine-Software-/254007745936,Active,2019-01-30 21:30:13,2019-01-08 17:47:06
"Addams Family, The",254022772233,COMMODORE AMIGA BOXED THE ADDAMS FAMILY,8.95,Großbritannien,http://www.ebay.de/itm/COMMODORE-AMIGA-BOXED-THE-ADDAMS-FAMILY-/254022772233,Active,2019-01-11 07:04:48,2019-01-08 17:46:53
Agony,254029239786,AGONY by Psygnosis ~ Commodore Amiga ~ OVP/BIG boxed COLLECTIBLE ~ english,249,"Nordhausen,Deutschland",http://www.ebay.de/itm/AGONY-by-Psygnosis-Commodore-Amiga-OVP-BIG-boxed-COLLECTIBLE-english-/254029239786,Active,2019-01-16 09:14:06,2019-01-08 17:46:56
Beneath A Steel Sky,254029239797,BENEATH A STEEL SKY CD32 ~ Commodore Amiga ~ OVP/BIG boxed COLLECTIBLE ~ english,349,"Nordhausen,Deutschland",http://www.ebay.de/itm/BENEATH-A-STEEL-SKY-CD32-Commodore-Amiga-OVP-BIG-boxed-COLLECTIBLE-english-/254029239797,Active,2019-01-16 09:14:07,2019-01-08 17:47:28
"Adventures of Robin Hood, The",254033683159,"THE ADVENTURES OF ROBIN HOOD AMIGA A500/ A500+ 3.5"" Floppy Disc Game",29.99,Großbritannien,http://www.ebay.de/itm/THE-ADVENTURES-OF-ROBIN-HOOD-AMIGA-A500-A500-3-5-Floppy-Disc-Game-/254033683159,Active,2019-01-19 17:36:17,2019-01-08 17:46:54
Banshee,254048550776,AMIGA CD32 - BANSHEE,200,"Hattingen,Deutschland",http://www.ebay.de/itm/AMIGA-CD32-BANSHEE-/254048550776,Active,2019-01-11 12:26:59,2019-01-08 17:47:19
Bubba 'n' Stix,254048551609,AMIGA CD32 - BUBBA 'N' STIX,20,"Hattingen,Deutschland",http://www.ebay.de/itm/AMIGA-CD32-BUBBA-N-STIX-/254048551609,Active,2019-01-11 12:27:37,2019-01-08 17:47:43
Arabian Nights,254048557166,AMIGA CD32 - ARABIAN NIGHTS,40,"Hattingen,Deutschland",http://www.ebay.de/itm/AMIGA-CD32-ARABIAN-NIGHTS-/254048557166,Active,2019-01-11 12:30:15,2019-01-08 17:47:08
Alien³,254048558507,AMIGA CD32 - ALIEN BREED SPECIAL EDITION + QWAK,20,"Hattingen,Deutschland",http://www.ebay.de/itm/AMIGA-CD32-ALIEN-BREED-SPECIAL-EDITION-QWAK-/254048558507,Active,2019-01-11 12:31:32,2019-01-08 17:47:02
Body Blows,254048559487,AMIGA CD32 - ULTIMATE BODY BLOWS,25,"Hattingen,Deutschland",http://www.ebay.de/itm/AMIGA-CD32-ULTIMATE-BODY-BLOWS-/254048559487,Active,2019-01-11 12:32:04,2019-01-08 17:47:37
Alfred Chicken,254048562054,AMIGA CD32 - ALFRED CHICKEN,10,"Hattingen,Deutschland",http://www.ebay.de/itm/AMIGA-CD32-ALFRED-CHICKEN-/254048562054,Active,2019-01-11 12:33:13,2019-01-08 17:46:59
688 Attack Sub,254050141272,688 Attack Sub Commodore Amiga Computer Game Electronic Arts 1990,9.15,Großbritannien,http://www.ebay.de/itm/688-Attack-Sub-Commodore-Amiga-Computer-Game-Electronic-Arts-1990-/254050141272,Active,2019-02-01 13:39:03,2019-01-08 17:46:49
Black Viper,254053136618,BLACK VIPER CD32 by Neo ~ Commodore Amiga ~ OVP/BIG boxed COLLECTIBLE ~ english,599,"Nordhausen,Deutschland",http://www.ebay.de/itm/BLACK-VIPER-CD32-by-Neo-Commodore-Amiga-OVP-BIG-boxed-COLLECTIBLE-english-/254053136618,Active,2019-02-03 14:56:15,2019-01-08 17:47:32
Alien³,254053136645,~ ALIEN DRUG LORDS ~ Commodore Amiga / OVP ~ BIG boxed ~ NEU/SEALED ~ english,599,"Nordhausen,Deutschland",http://www.ebay.de/itm/ALIEN-DRUG-LORDS-Commodore-Amiga-OVP-BIG-boxed-NEU-SEALED-english-/254053136645,Active,2019-02-03 14:56:15,2019-01-08 17:47:02
Brides of Dracula,254053137588,~ BRIDES OF DRACULA by Gonzo Games ~ Commodore Amiga ~ OVP/BIG boxed ~ english,169,"Nordhausen,Deutschland",http://www.ebay.de/itm/BRIDES-OF-DRACULA-by-Gonzo-Games-Commodore-Amiga-OVP-BIG-boxed-english-/254053137588,Active,2019-02-03 14:57:42,2019-01-08 17:47:42
Blades of Steel,254053137595,~ BLADES OF STEEL by Konami ~ Commodore Amiga ~ NEU/SEALED COLLECTIBLE ~ english,199,"Nordhausen,Deutschland",http://www.ebay.de/itm/BLADES-OF-STEEL-by-Konami-Commodore-Amiga-NEU-SEALED-COLLECTIBLE-english-/254053137595,Active,2019-02-03 14:57:42,2019-01-08 17:47:33
Castles,254053137697,DARK CASTLE by Mirrorsoft ~ Commodore Amiga ~ Originalkarton/BIG boxed ~ english,169,"Nordhausen,Deutschland",http://www.ebay.de/itm/DARK-CASTLE-by-Mirrorsoft-Commodore-Amiga-Originalkarton-BIG-boxed-english-/254053137697,Active,2019-02-03 14:57:47,2019-01-08 17:47:52
Alien³,254053142813,"SCARY MUTANT SPACE ALIENS FROM MARS ~ Commodore Amiga / OVP ~ BIG boxed, english",99.99,"Nordhausen,Deutschland",http://www.ebay.de/itm/SCARY-MUTANT-SPACE-ALIENS-FROM-MARS-Commodore-Amiga-OVP-BIG-boxed-english-/254053142813,Active,2019-02-03 15:03:42,2019-01-08 17:47:02
Altered Destiny,254053142819,ALTERED DESTINY + CLUEBOOK ~ Commodore Amiga ~ BIG boxed ~ NEU/SEALED ~ english,149,"Nordhausen,Deutschland",http://www.ebay.de/itm/ALTERED-DESTINY-CLUEBOOK-Commodore-Amiga-BIG-boxed-NEU-SEALED-english-/254053142819,Active,2019-02-03 15:03:42,2019-01-08 17:47:04
Akira,254056971166,AKIRA Collectors Edition & Primal Rage (AMIGA) noch original verpackt,59,"Alsdorf,Deutschland",http://www.ebay.de/itm/AKIRA-Collectors-Edition-Primal-Rage-AMIGA-noch-original-verpackt-/254056971166,Active,2019-02-06 13:55:44,2019-01-08 17:46:58
Batman,264081207437,Batman the Movie (Ocean 1989) Amiga (2 Discs) Classic-Game 100 % ok,12.99,"Bruchsal,Deutschland",http://www.ebay.de/itm/Batman-the-Movie-Ocean-1989-Amiga-2-Discs-Classic-Game-100-ok-/264081207437,Active,2019-01-08 21:22:05,2019-01-08 17:47:22
Block Out,264089739462,Block Out (Softgold 1989) Amiga (Disc) Classic-Game 100 % ok,9.99,"Bruchsal,Deutschland",http://www.ebay.de/itm/Block-Out-Softgold-1989-Amiga-Disc-Classic-Game-100-ok-/264089739462,Active,2019-01-14 21:45:04,2019-01-08 17:47:35
American Gladiators,264091074742,American Gladiators (Gametek 1990) Commodore Amiga (3 Disks Box Manual) (DEFEKT),14.99,"Bruchsal,Deutschland",http://www.ebay.de/itm/American-Gladiators-Gametek-1990-Commodore-Amiga-3-Disks-Box-Manual-DEFEKT-/264091074742,Active,2019-01-15 20:51:23,2019-01-08 17:47:05
Cattivik: The Videogame,264091726314,~ CATTIVIK: The Videogame ~ Commodore Amiga / Originalkarton ~ boxed ~ english,249,"Nordhausen,Deutschland",http://www.ebay.de/itm/CATTIVIK-The-Videogame-Commodore-Amiga-Originalkarton-boxed-english-/264091726314,Active,2019-01-16 09:14:08,2019-01-08 17:47:53
Amberstar,264091726316,~ AMBERSTAR REMASTERED 1994 ~ Commodore Amiga / OVP ~ BIG box ~ SEALED ~ english,399,"Nordhausen,Deutschland",http://www.ebay.de/itm/AMBERSTAR-REMASTERED-1994-Commodore-Amiga-OVP-BIG-box-SEALED-english-/264091726316,Active,2019-01-16 09:14:07,2019-01-08 17:47:04
Blueberry,264091726319,BLUEBERRY by Coktel Vision Commodore Amiga ~ Originalkarton/BIG boxed ~ deutsch,399,"Nordhausen,Deutschland",http://www.ebay.de/itm/BLUEBERRY-by-Coktel-Vision-Commodore-Amiga-Originalkarton-BIG-boxed-deutsch-/264091726319,Active,2019-01-16 09:14:07,2019-01-08 17:47:36
Boppin',264091726322,BOPPIN by KarmaSoft ~ Commodore Amiga ~ OVP/BOXED ~ SEALED COLLECTIBLE ~ english,149,"Nordhausen,Deutschland",http://www.ebay.de/itm/BOPPIN-by-KarmaSoft-Commodore-Amiga-OVP-BOXED-SEALED-COLLECTIBLE-english-/264091726322,Active,2019-01-16 09:14:08,2019-01-08 17:47:39
688 Attack Sub,264096262909,688 Attack Sub - Amiga - Big box,5.52,Großbritannien,http://www.ebay.de/itm/688-Attack-Sub-Amiga-Big-box-/264096262909,Active,2019-01-19 13:03:38,2019-01-08 17:46:49
Bonanza Bros,264096543226,"BONANZA BROS CBM AMIGA A500/A1000/A2000/ 3.5"" Floppy Disc Game",39.99,Großbritannien,http://www.ebay.de/itm/BONANZA-BROS-CBM-AMIGA-A500-A1000-A2000-3-5-Floppy-Disc-Game-/264096543226,Active,2019-01-19 17:24:27,2019-01-08 17:47:39
Alcatraz,264097353377,"Alcatraz (Infrogrames, 1989) Commodore Amiga (Box, Manual, 2 Discs) 100 % ok",29.99,"Bruchsal,Deutschland",http://www.ebay.de/itm/Alcatraz-Infrogrames-1989-Commodore-Amiga-Box-Manual-2-Discs-100-ok-/264097353377,Active,2019-01-20 07:39:25,2019-01-08 17:46:58
Blastaball,264097690598,Blastaball (Commodore Amiga Diskette) (Mastertronic 1988),14.99,"Bruchsal,Deutschland",http://www.ebay.de/itm/Blastaball-Commodore-Amiga-Diskette-Mastertronic-1988-/264097690598,Active,2019-01-20 13:55:51,2019-01-08 17:47:33
Bangkok Knights,264097690703,Bangkok Knights (Commodore Amiga 2 Disketten) (System 3 1989),9.99,"Bruchsal,Deutschland",http://www.ebay.de/itm/Bangkok-Knights-Commodore-Amiga-2-Disketten-System-3-1989-/264097690703,Active,2019-01-20 13:55:53,2019-01-08 17:47:19
Atomino,264098637447,Atomino (Commodore Amiga Diskette) (Softgold 1993),9.99,"Bruchsal,Deutschland",http://www.ebay.de/itm/Atomino-Commodore-Amiga-Diskette-Softgold-1993-/264098637447,Active,2019-01-21 08:02:14,2019-01-08 17:47:14
Bombuzal,264101438780,"Bombuzal (Image Works) Commodore Amiga (Box, Manual, Game) Classic",24.99,"Bruchsal,Deutschland",http://www.ebay.de/itm/Bombuzal-Image-Works-Commodore-Amiga-Box-Manual-Game-Classic-/264101438780,Active,2019-01-23 09:08:49,2019-01-08 17:47:38
Carrier Command,264103334864,Carrier Command (Rainbird 1989) Commodore Amiga (Game (Disc) 100 % ok,8.99,"Bruchsal,Deutschland",http://www.ebay.de/itm/Carrier-Command-Rainbird-1989-Commodore-Amiga-Game-Disc-100-ok-/264103334864,Active,2019-01-24 21:29:55,2019-01-08 17:47:51
Akira,264108985026,AKIRA CD32 + TEE-SHIRT ~ Commodore Amiga ~ OVP/BIG boxed ~ NEU/SEALED ~ english,129,"Nordhausen,Deutschland",http://www.ebay.de/itm/AKIRA-CD32-TEE-SHIRT-Commodore-Amiga-OVP-BIG-boxed-NEU-SEALED-english-/264108985026,Active,2019-01-28 19:15:25,2019-01-08 17:46:58
A-Train,264112276460,COMMODORE AMIGA GAME A-TRAIN (A500/A600/A1000/A2000/A3000/A4000 1GB RAM BY OCEAN,19.99,Großbritannien,http://www.ebay.de/itm/COMMODORE-AMIGA-GAME-A-TRAIN-A500-A600-A1000-A2000-A3000-A4000-1GB-RAM-BY-OCEAN-/264112276460,Active,2019-01-31 00:42:36,2019-01-08 17:46:50
Brian the Lion,264117006081,"Brian The Lion, CD + MANUAL for Commodore Amiga CD32  (used, retro)",75,"Malsfeld,Deutschland",http://www.ebay.de/itm/Brian-The-Lion-CD-MANUAL-for-Commodore-Amiga-CD32-used-retro-/264117006081,Active,2019-01-13 21:57:03,2019-01-08 17:47:42
Bomb Jack,264117006157,Mighty Bomb Jack Amiga RETRO Videogame,66,"Malsfeld,Deutschland",http://www.ebay.de/itm/Mighty-Bomb-Jack-Amiga-RETRO-Videogame-/264117006157,Active,2019-01-13 21:57:04,2019-01-08 17:47:38
Alien³,264117006185,"Erben der Erde Commodore Amiga CD32/CD +  Alien Legion (Amiga Disketten), Boxed",79,"Malsfeld,Deutschland",http://www.ebay.de/itm/Erben-Erde-Commodore-Amiga-CD32-CD-Alien-Legion-Amiga-Disketten-Boxed-/264117006185,Active,2019-01-13 21:57:04,2019-01-08 17:47:02
Champions of Krynn,264117715158,"Champions of Krynn (SSI 1989) Amiga (3 Discs, Box, Manual) Classic-Game 100% ok",29.99,"Bruchsal,Deutschland",http://www.ebay.de/itm/Champions-of-Krynn-SSI-1989-Amiga-3-Discs-Box-Manual-Classic-Game-100-ok-/264117715158,Active,2019-02-03 09:36:51,2019-01-08 17:47:55
"Big Deal, The",264118122387,~ THE BIG DEAL ~ Commodore Amiga / Originalverpackung ~ original boxed ~ english,499,"Nordhausen,Deutschland",http://www.ebay.de/itm/THE-BIG-DEAL-Commodore-Amiga-Originalverpackung-original-boxed-english-/264118122387,Active,2019-02-03 14:56:14,2019-01-08 17:47:30
Benefactor,264118122454,BENEFACTOR by Psygnosis ~ Commodore Amiga CD32 ~ BIG boxed COLLECTIBLE ~ english,599,"Nordhausen,Deutschland",http://www.ebay.de/itm/BENEFACTOR-by-Psygnosis-Commodore-Amiga-CD32-BIG-boxed-COLLECTIBLE-english-/264118122454,Active,2019-02-03 14:56:15,2019-01-08 17:47:28
Cannon Fodder 2,264118123946,CANNON FODDER 2 ~ Commodore Amiga ~ BIG boxed ~ NEU/SEALED COLLECTIBLE ~ english,199,"Nordhausen,Deutschland",http://www.ebay.de/itm/CANNON-FODDER-2-Commodore-Amiga-BIG-boxed-NEU-SEALED-COLLECTIBLE-english-/264118123946,Active,2019-02-03 14:57:44,2019-01-08 17:47:48
Alien³,264118124029,SCARY MUTANT SPACE ALIENS FROM MARS Commodore Amiga ~ BIG boxed/SEALED ~ english,149,"Nordhausen,Deutschland",http://www.ebay.de/itm/SCARY-MUTANT-SPACE-ALIENS-FROM-MARS-Commodore-Amiga-BIG-boxed-SEALED-english-/264118124029,Active,2019-02-03 14:57:48,2019-01-08 17:47:02
Beast Busters,264118130988,BEAST BUSTERS by Activision ~ Commodore Amiga ~ OVP/BOXED ~ NEU/SEALED ~ english,69.99,"Nordhausen,Deutschland",http://www.ebay.de/itm/BEAST-BUSTERS-by-Activision-Commodore-Amiga-OVP-BOXED-NEU-SEALED-english-/264118130988,Active,2019-02-03 15:03:42,2019-01-08 17:47:27
B.A.T. II,264118131018,B.A.T. BAT II ~ Commodore Amiga ~ BIG boxed ~ NEU/SEALED COLLECTIBLE ~ english,129,"Nordhausen,Deutschland",http://www.ebay.de/itm/B-A-T-BAT-II-Commodore-Amiga-BIG-boxed-NEU-SEALED-COLLECTIBLE-english-/264118131018,Active,2019-02-03 15:03:43,2019-01-08 17:47:16
Blades of Steel,264118131031,BLADES OF STEEL by Konami ~ Commodore Amiga / BIG boxed ~ selten/RARE ~ english,139,"Nordhausen,Deutschland",http://www.ebay.de/itm/BLADES-OF-STEEL-by-Konami-Commodore-Amiga-BIG-boxed-selten-RARE-english-/264118131031,Active,2019-02-03 15:03:43,2019-01-08 17:47:33
Breathless,264118600813,"Amiga Spiel Breathless incl OVP , Big Box Komplett & Funktional",32,"Homburg,Deutschland",http://www.ebay.de/itm/Amiga-Spiel-Breathless-incl-OVP-Big-Box-Komplett-Funktional-/264118600813,Active,2019-01-09 20:57:08,2019-01-08 17:47:41
Batman,264120349465,Batman the Movie (Ocean 1989) Amiga (Single Disc) Classic-Game 100 % ok,9.99,"Bruchsal,Deutschland",http://www.ebay.de/itm/Batman-the-Movie-Ocean-1989-Amiga-Single-Disc-Classic-Game-100-ok-/264120349465,Active,2019-02-04 22:08:51,2019-01-08 17:47:22
A-Train,264120945974,"A-Train (Ocean/ Maxis 1993) Commodore Amiga (2 Disc, Box, Manual) 100% ok",22.99,"Bruchsal,Deutschland",http://www.ebay.de/itm/A-Train-Ocean-Maxis-1993-Commodore-Amiga-2-Disc-Box-Manual-100-ok-/264120945974,Active,2019-02-05 09:26:43,2019-01-08 17:46:50
Alien³,264121528613,Amiga 500 600 1200 Game Alien Breed Tower Assault Big Box Floppy Disc,20.99,Großbritannien,http://www.ebay.de/itm/Amiga-500-600-1200-Game-Alien-Breed-Tower-Assault-Big-Box-Floppy-Disc-/264121528613,Active,2019-02-05 17:23:08,2019-01-08 17:47:02
Castles,264121870241,"Castles (Interplay 1991) Commodore Amiga (2 Disk, Box) (DEFEKT)",9.99,"Bruchsal,Deutschland",http://www.ebay.de/itm/Castles-Interplay-1991-Commodore-Amiga-2-Disk-Box-DEFEKT-/264121870241,Active,2019-02-05 21:26:11,2019-01-08 17:47:52
Alfred Chicken,273545922138,???? Commodore Amiga CD32 ALFRED CHICKEN Verschweißt / Selaed  ????,12.99,"Liebenburg,Deutschland",http://www.ebay.de/itm/Commodore-Amiga-CD32-ALFRED-CHICKEN-Verschweist-Selaed-/273545922138,Active,2019-02-04 04:20:04,2019-01-08 17:46:59
Anarchy,273571688076,Anarchy - amiga,20,"Wesendorf,Deutschland",http://www.ebay.de/itm/Anarchy-amiga-/273571688076,Active,2019-01-20 08:17:43,2019-01-08 17:47:06
Bubba 'n' Stix,273621321247,Pc amiga bubba n stix with instruction comiv 1meg+version,19.99,Großbritannien,http://www.ebay.de/itm/Pc-amiga-bubba-n-stix-with-instruction-comiv-1meg-version-/273621321247,Active,2019-01-20 22:17:50,2019-01-08 17:47:43
Archipelagos,273639709114,60701 Archipelagos - Commodore Amiga (1989),7.99,Großbritannien,http://www.ebay.de/itm/60701-Archipelagos-Commodore-Amiga-1989-/273639709114,Active,2019-01-09 16:35:11,2019-01-08 17:47:09
Buggy Boy,273639709348,60705 Buggy Boy - Commodore Amiga (),12.99,Großbritannien,http://www.ebay.de/itm/60705-Buggy-Boy-Commodore-Amiga-/273639709348,Active,2019-01-09 16:35:30,2019-01-08 17:47:45
Armour-Geddon,273639850403,59959 Armour-Geddon - Commodore Amiga (1991),17.99,Großbritannien,http://www.ebay.de/itm/59959-Armour-Geddon-Commodore-Amiga-1991-/273639850403,Active,2019-01-09 18:54:24,2019-01-08 17:47:11
Back to the Future Part III,273639919796,59588 Back To The Future Part III - Commodore Amiga (1990),24.99,Großbritannien,http://www.ebay.de/itm/59588-Back-To-The-Future-Part-III-Commodore-Amiga-1990-/273639919796,Active,2019-01-09 19:55:33,2019-01-08 17:47:17
Carrier Command,273640022206,59599 Carrier Command - Commodore Amiga (1988),5.97,Großbritannien,http://www.ebay.de/itm/59599-Carrier-Command-Commodore-Amiga-1988-/273640022206,Active,2019-01-09 21:15:03,2019-01-08 17:47:51
Blasteroids,273640475893,59612 Blasteroids - Commodore Amiga (1989),12.99,Großbritannien,http://www.ebay.de/itm/59612-Blasteroids-Commodore-Amiga-1989-/273640475893,Active,2019-01-10 05:44:55,2019-01-08 17:47:34
Back to the Future Part III,273640602423,59637 Back To The Future Part III - Commodore Amiga (1991),29.99,Großbritannien,http://www.ebay.de/itm/59637-Back-To-The-Future-Part-III-Commodore-Amiga-1991-/273640602423,Active,2019-01-10 08:00:06,2019-01-08 17:47:17
Campaign,273640602636,59643 Campaign - Commodore Amiga (1992),7.99,Großbritannien,http://www.ebay.de/itm/59643-Campaign-Commodore-Amiga-1992-/273640602636,Active,2019-01-10 08:00:24,2019-01-08 17:47:47
Cannon Fodder,273640604889,60019 Cannon Fodder - Commodore Amiga (1993),17.97,Großbritannien,http://www.ebay.de/itm/60019-Cannon-Fodder-Commodore-Amiga-1993-/273640604889,Active,2019-01-10 08:04:20,2019-01-08 17:47:48
Batman,273641276738,61361 Batman The Movie - Commodore Amiga (1989),9.99,Großbritannien,http://www.ebay.de/itm/61361-Batman-The-Movie-Commodore-Amiga-1989-/273641276738,Active,2019-01-10 17:49:19,2019-01-08 17:47:22
Amegas,273641363546,61367 Amegas - Commodore Amiga (1988),5.99,Großbritannien,http://www.ebay.de/itm/61367-Amegas-Commodore-Amiga-1988-/273641363546,Active,2019-01-10 19:10:01,2019-01-08 17:47:05
BMX Simulator,273641408936,61376 BMX Simulator - Commodore Amiga (),12.99,Großbritannien,http://www.ebay.de/itm/61376-BMX-Simulator-Commodore-Amiga-/273641408936,Active,2019-01-10 19:50:04,2019-01-08 17:47:37
Alien³,273641866372,62186 Amiga Action - Alien Breed '92 - Commodore Amiga (),3.99,Großbritannien,http://www.ebay.de/itm/62186-Amiga-Action-Alien-Breed-92-Commodore-Amiga-/273641866372,Active,2019-01-11 04:19:58,2019-01-08 17:47:02
Cannon Fodder,273641866554,62189 Amiga Action - Cannon Fodder - Commodore Amiga (),4.99,Großbritannien,http://www.ebay.de/itm/62189-Amiga-Action-Cannon-Fodder-Commodore-Amiga-/273641866554,Active,2019-01-11 04:20:10,2019-01-08 17:47:48
Captain Planet and the Planete,273642238593,59002 Captain Planet And The Planeteers - Commodore Amiga (1990) TN110259,9.99,Großbritannien,http://www.ebay.de/itm/59002-Captain-Planet-And-The-Planeteers-Commodore-Amiga-1990-TN110259-/273642238593,Active,2019-01-11 10:59:31,2019-01-08 17:47:49
"Addams Family, The",273642238714,59003 The Addams Family - Commodore Amiga (1992),9.99,Großbritannien,http://www.ebay.de/itm/59003-The-Addams-Family-Commodore-Amiga-1992-/273642238714,Active,2019-01-11 10:59:35,2019-01-08 17:46:53
Captain Dynamo,273642238762,59004 Captain Dynamo - Commodore Amiga (1992),9.99,Großbritannien,http://www.ebay.de/itm/59004-Captain-Dynamo-Commodore-Amiga-1992-/273642238762,Active,2019-01-11 10:59:40,2019-01-08 17:47:49
Body Blows,273642269692,60032 Disk 51 CU Amiga - Body Blows / Tank Attack / Nick Faldo's Golf - Com,3.97,Großbritannien,http://www.ebay.de/itm/60032-Disk-51-CU-Amiga-Body-Blows-Tank-Attack-Nick-Faldos-Golf-Com-/273642269692,Active,2019-01-11 11:29:47,2019-01-08 17:47:37
"Settlers, The",273642277681,60042 Disk 71 CU Amiga - Turrican 3 / The Settlers - Commodore Amiga (),9.97,Großbritannien,http://www.ebay.de/itm/60042-Disk-71-CU-Amiga-Turrican-3-The-Settlers-Commodore-Amiga-/273642277681,Active,2019-01-11 11:35:14,2019-01-08 16:22:03
Alien³,273642350051,60715 Alien Breed II - Commodore Amiga (1993),17.99,Großbritannien,http://www.ebay.de/itm/60715-Alien-Breed-II-Commodore-Amiga-1993-/273642350051,Active,2019-01-11 12:59:32,2019-01-08 17:47:02
Ballistix,273642354820,60733 Ballistix - Commodore Amiga (1989),12.99,Großbritannien,http://www.ebay.de/itm/60733-Ballistix-Commodore-Amiga-1989-/273642354820,Active,2019-01-11 13:04:19,2019-01-08 17:47:19
Body Blows,273642363768,60749 Body Blows - Commodore Amiga (1993),15.99,Großbritannien,http://www.ebay.de/itm/60749-Body-Blows-Commodore-Amiga-1993-/273642363768,Active,2019-01-11 13:14:24,2019-01-08 17:47:37
Cannon Fodder,273642363828,60750 Cannon Fodder - Commodore Amiga (1993),18.99,Großbritannien,http://www.ebay.de/itm/60750-Cannon-Fodder-Commodore-Amiga-1993-/273642363828,Active,2019-01-11 13:14:28,2019-01-08 17:47:48
"Art of Chess, The",273642377468,35114 The Art Of Chess - Commodore Amiga (1987),4.95,Großbritannien,http://www.ebay.de/itm/35114-The-Art-Of-Chess-Commodore-Amiga-1987-/273642377468,Active,2019-01-11 13:25:12,2019-01-08 17:47:12
Atomino,273642414594,Amiga Atomino,1,"Blomberg,Deutschland",http://www.ebay.de/itm/Amiga-Atomino-/273642414594,Active,2019-01-13 14:05:24,2019-01-08 17:47:14
Arachnophobia,273642435551,Amiga Arachnophobia,5.5,"Blomberg,Deutschland",http://www.ebay.de/itm/Amiga-Arachnophobia-/273642435551,Active,2019-01-13 14:22:15,2019-01-08 17:47:08
Apprentice,273642709823,Amiga Apprentice,1.5,"Blomberg,Deutschland",http://www.ebay.de/itm/Amiga-Apprentice-/273642709823,Active,2019-01-13 17:36:45,2019-01-08 17:47:07
Big Business,273642721738,Amiga Big Business (sealed),1,"Blomberg,Deutschland",http://www.ebay.de/itm/Amiga-Big-Business-sealed-/273642721738,Active,2019-01-13 17:47:50,2019-01-08 17:47:29
Advanced Ski Simulator,273643068238,59227 Advanced Ski Simulator Version 2 - Commodore Amiga (),4.99,Großbritannien,http://www.ebay.de/itm/59227-Advanced-Ski-Simulator-Version-2-Commodore-Amiga-/273643068238,Active,2019-01-11 21:55:31,2019-01-08 17:46:53
Beverly Hills Cop,273643073105,59239 Beverly Hills Cop [Disk 2] - Commodore Amiga (1990),7.99,Großbritannien,http://www.ebay.de/itm/59239-Beverly-Hills-Cop-Disk-2-Commodore-Amiga-1990-/273643073105,Active,2019-01-11 21:59:57,2019-01-08 17:47:29
Alien³,273644096715,60298 Disk 71b Amiga Format - Alien Breed 3D / Death Mask - Commodore Amiga (),5.99,Großbritannien,http://www.ebay.de/itm/60298-Disk-71b-Amiga-Format-Alien-Breed-3D-Death-Mask-Commodore-Amiga-/273644096715,Active,2019-01-12 15:05:27,2019-01-08 17:47:02
Breathless,273644111474,60306 Disk 80b Amiga Format - Breathless - Commodore Amiga (),5.99,Großbritannien,http://www.ebay.de/itm/60306-Disk-80b-Amiga-Format-Breathless-Commodore-Amiga-/273644111474,Active,2019-01-12 15:19:20,2019-01-08 17:47:41
Axel's Magic Hammer,273644152674,61499 Switchblade / Axel's Magic Hammer - Commodore Amiga (1990),19.99,Großbritannien,http://www.ebay.de/itm/61499-Switchblade-Axels-Magic-Hammer-Commodore-Amiga-1990-/273644152674,Active,2019-01-12 15:49:26,2019-01-08 17:47:15
Cannon Fodder,273644152766,61500 Cannon Fodder - Commodore Amiga (1993),17.95,Großbritannien,http://www.ebay.de/itm/61500-Cannon-Fodder-Commodore-Amiga-1993-/273644152766,Active,2019-01-12 15:49:30,2019-01-08 17:47:48
Captain Planet and the Planete,273644153019,61504 Captain Planet And The Planeteers - Commodore Amiga (1991),12.97,Großbritannien,http://www.ebay.de/itm/61504-Captain-Planet-And-The-Planeteers-Commodore-Amiga-1991-/273644153019,Active,2019-01-12 15:49:47,2019-01-08 17:47:49
Brian the Lion,273644153299,61509 Amiga Action - Brian The Lion - Commodore Amiga (),4.99,Großbritannien,http://www.ebay.de/itm/61509-Amiga-Action-Brian-The-Lion-Commodore-Amiga-/273644153299,Active,2019-01-12 15:50:04,2019-01-08 17:47:42
Atomino,273645040155,59263 Disk 23 Amiga Format - Atomino / 3D Construction Kit - Commodore Amiga (),3.99,Großbritannien,http://www.ebay.de/itm/59263-Disk-23-Amiga-Format-Atomino-3D-Construction-Kit-Commodore-Amiga-/273645040155,Active,2019-01-13 03:34:10,2019-01-08 17:47:14
Cadaver,273645040931,59269 Disk 13 Amiga Format - Cadaver / Menace - Commodore Amiga (1990) August 19,3.99,Großbritannien,http://www.ebay.de/itm/59269-Disk-13-Amiga-Format-Cadaver-Menace-Commodore-Amiga-1990-August-19-/273645040931,Active,2019-01-13 03:35:12,2019-01-08 17:47:47
Captain Planet and the Planete,273645067373,59899 Captain Planet And The Planeteers - Commodore Amiga (1991),12.99,Großbritannien,http://www.ebay.de/itm/59899-Captain-Planet-And-The-Planeteers-Commodore-Amiga-1991-/273645067373,Active,2019-01-13 04:14:55,2019-01-08 17:47:49
"Secret of Monkey Island, The",273645105269,59907 The Secret Of Monkey Island - Commodore Amiga (1993),29.99,Großbritannien,http://www.ebay.de/itm/59907-The-Secret-Of-Monkey-Island-Commodore-Amiga-1993-/273645105269,Active,2019-01-13 04:45:02,2019-01-08 17:47:57
Cannon Fodder,273645444362,59280 Cannon Fodder - Commodore Amiga (1993),17.99,Großbritannien,http://www.ebay.de/itm/59280-Cannon-Fodder-Commodore-Amiga-1993-/273645444362,Active,2019-01-13 10:04:50,2019-01-08 17:47:48
"Art of Chess, The",273645559986,35116 The Art Of Chess - Commodore Amiga (1987),4.99,Großbritannien,http://www.ebay.de/itm/35116-The-Art-Of-Chess-Commodore-Amiga-1987-/273645559986,Active,2019-01-13 11:39:14,2019-01-08 17:47:12
Celtic Legends,281369790684,CELTIC LEGENDS von Ubisoft für Commodore Amiga Computer,27.99,"Potsdam,Deutschland",http://www.ebay.de/itm/CELTIC-LEGENDS-Ubisoft-Commodore-Amiga-Computer-/281369790684,Active,2019-01-29 16:42:14,2019-01-08 17:47:54
Bubba 'n' Stix,282949431845,Bubba n Stix - Commodore Amiga CD32 Game,17.99,Großbritannien,http://www.ebay.de/itm/Bubba-n-Stix-Commodore-Amiga-CD32-Game-/282949431845,Active,2019-01-27 20:41:04,2019-01-08 17:47:43
"Secret of Monkey Island, The",283214788225,4 Disks Of The Secret Of Monkey Island - Commodore Amiga (1993),22.49,Großbritannien,http://www.ebay.de/itm/4-Disks-Of-The-Secret-Of-Monkey-Island-Commodore-Amiga-1993-/283214788225,Active,2019-01-15 05:44:04,2019-01-08 17:47:57
Alfred Chicken,283301075810,Alfred Chicken - AMIGA / Commodore CD³²  CD-ROM Spiel,15,"Reutlingen,Deutschland",http://www.ebay.de/itm/Alfred-Chicken-AMIGA-Commodore-CD-CD-ROM-Spiel-/283301075810,Active,2019-01-11 16:08:21,2019-01-08 17:46:59
Alfred Chicken,283317026843,NEW - CD32 ALFRED CHICKEN - Commodore Amiga - sealed game - 1994 - spiel neu,12.99,"Berlin,Deutschland",http://www.ebay.de/itm/NEW-CD32-ALFRED-CHICKEN-Commodore-Amiga-sealed-game-1994-spiel-neu-/283317026843,Active,2019-01-25 08:33:16,2019-01-08 17:46:59
Agony,283318222272,"Amiga Collection Agony (Psygnosis, 1992)",100,"Roding,Deutschland",http://www.ebay.de/itm/Amiga-Collection-Agony-Psygnosis-1992-/283318222272,Active,2019-01-26 12:05:16,2019-01-08 17:46:56
Alfred Chicken,283318765713,"ALFRED CHICKEN, AMIGA/Commodore CD³² CD-ROM Spiel, OVP/unbenutzt ##1",16,"Reutlingen,Deutschland",http://www.ebay.de/itm/ALFRED-CHICKEN-AMIGA-Commodore-CD-CD-ROM-Spiel-OVP-unbenutzt-1-/283318765713,Active,2019-01-26 20:56:35,2019-01-08 17:46:59
Alfred Chicken,283326351986,"SYNDICATE CD³² & ALFRED CHICKEN Spiel von BULLFROG /AMIGA CD³², Commodore",38.9,"Reutlingen,Deutschland",http://www.ebay.de/itm/SYNDICATE-CD-ALFRED-CHICKEN-Spiel-BULLFROG-AMIGA-CD-Commodore-/283326351986,Active,2019-01-13 18:36:34,2019-01-08 17:46:59
Atomino,283326351988,"ATOMINO / PSYGNOSIS / Amiga Spiel Commodore - AMIGA/OVP/Boxed, getestet",29.5,"Reutlingen,Deutschland",http://www.ebay.de/itm/ATOMINO-PSYGNOSIS-Amiga-Spiel-Commodore-AMIGA-OVP-Boxed-getestet-/283326351988,Active,2019-01-13 18:36:34,2019-01-08 17:47:14
Armour-Geddon,283326351993,"ARMOUR - GEDDON  PSYGNOSIS 1990/ Amiga Spiel Commodore /OVP/Boxed, getestet",38.4,"Reutlingen,Deutschland",http://www.ebay.de/itm/ARMOUR-GEDDON-PSYGNOSIS-1990-Amiga-Spiel-Commodore-OVP-Boxed-getestet-/283326351993,Active,2019-01-13 18:36:34,2019-01-08 17:47:11
Assassin,283326353650,ASSASSIN - Team 17 / Amiga Spiel Commodore - AMIGA,12,"Reutlingen,Deutschland",http://www.ebay.de/itm/ASSASSIN-Team-17-Amiga-Spiel-Commodore-AMIGA-/283326353650,Active,2019-01-13 18:38:17,2019-01-08 17:47:13
Alien³,283327491807,60698 Alien Breed - Commodore Amiga (1992),12.99,Großbritannien,http://www.ebay.de/itm/60698-Alien-Breed-Commodore-Amiga-1992-/283327491807,Active,2019-01-09 16:35:06,2019-01-08 17:47:02
"Settlers, The",283327513154,60708 The Settlers - Commodore Amiga (1993),18.99,Großbritannien,http://www.ebay.de/itm/60708-The-Settlers-Commodore-Amiga-1993-/283327513154,Active,2019-01-09 17:01:10,2019-01-08 16:22:03
A320 Airbus,283327659515,59963 A320 Airbus - Commodore Amiga (1991),9.99,Großbritannien,http://www.ebay.de/itm/59963-A320-Airbus-Commodore-Amiga-1991-/283327659515,Active,2019-01-09 19:39:18,2019-01-08 17:46:51
Alien³,283327720882,46839 The One Amiga - Blaster / Alien Bash / Tractor Beam - Commodore Amiga (199,3.99,Großbritannien,http://www.ebay.de/itm/46839-The-One-Amiga-Blaster-Alien-Bash-Tractor-Beam-Commodore-Amiga-199-/283327720882,Active,2019-01-09 20:45:20,2019-01-08 17:47:02
Alfred Chicken,283327740173,NEW - CD32 ALFRED CHICKEN - Commodore Amiga - sealed game - 1994 - spiel neu,14.99,"Berlin,Deutschland",http://www.ebay.de/itm/NEW-CD32-ALFRED-CHICKEN-Commodore-Amiga-sealed-game-1994-spiel-neu-/283327740173,Active,2019-02-03 21:06:55,2019-01-08 17:46:59
Carnage,283327747794,59594 Carnage - Commodore Amiga (1992),19.99,Großbritannien,http://www.ebay.de/itm/59594-Carnage-Commodore-Amiga-1992-/283327747794,Active,2019-01-09 21:14:44,2019-01-08 17:47:50
Advanced Ski Simulator,283328075663,35760 Advanced Ski Simulator - Commodore Amiga (),7.93,Großbritannien,http://www.ebay.de/itm/35760-Advanced-Ski-Simulator-Commodore-Amiga-/283328075663,Active,2019-01-10 04:25:26,2019-01-08 17:46:53
Bionic Commando,283328132936,59608 Bionic Commando - Commodore Amiga (1987),14.99,Großbritannien,http://www.ebay.de/itm/59608-Bionic-Commando-Commodore-Amiga-1987-/283328132936,Active,2019-01-10 05:44:37,2019-01-08 17:47:31
Bonanza Bros,283328133022,59610 Bonanza Bros - Commodore Amiga (1991),12.99,Großbritannien,http://www.ebay.de/itm/59610-Bonanza-Bros-Commodore-Amiga-1991-/283328133022,Active,2019-01-10 05:44:46,2019-01-08 17:47:39
Blade Warrior,283328159635,60000 Blade Warrior - Commodore Amiga (1992),29.99,Großbritannien,http://www.ebay.de/itm/60000-Blade-Warrior-Commodore-Amiga-1992-/283328159635,Active,2019-01-10 06:39:17,2019-01-08 17:47:33
"Settlers, The",283328160113,59622 The Settlers - Commodore Amiga (1993),17.99,Großbritannien,http://www.ebay.de/itm/59622-The-Settlers-Commodore-Amiga-1993-/283328160113,Active,2019-01-10 06:40:28,2019-01-08 16:22:03
Bubba 'n' Stix,283328177375,59633 Bubba 'n' Stix - Commodore Amiga (1993),12.99,Großbritannien,http://www.ebay.de/itm/59633-Bubba-n-Stix-Commodore-Amiga-1993-/283328177375,Active,2019-01-10 07:14:44,2019-01-08 17:47:43
Carnage,283328180112,59635 Total Carnage (Amiga 1200) - Commodore Amiga (1994),29.99,Großbritannien,http://www.ebay.de/itm/59635-Total-Carnage-Amiga-1200-Commodore-Amiga-1994-/283328180112,Active,2019-01-10 07:20:13,2019-01-08 17:47:50
Arabian Nights,283328666572,"ARABIAN NIGHTS ( KRISALIS ) - AMIGA / Commodore Spiel , OVP Boxed",35,"Reutlingen,Deutschland",http://www.ebay.de/itm/ARABIAN-NIGHTS-KRISALIS-AMIGA-Commodore-Spiel-OVP-Boxed-/283328666572,Active,2019-01-15 17:20:44,2019-01-08 17:47:08
Blood Money,283328718149,62166 Blood Money - Commodore Amiga (1989),29.99,Großbritannien,http://www.ebay.de/itm/62166-Blood-Money-Commodore-Amiga-1989-/283328718149,Active,2019-01-10 18:19:33,2019-01-08 17:47:36
"Art of Chess, The",283328755770,61365 The Art Of Chess - Commodore Amiga (1987),5.99,Großbritannien,http://www.ebay.de/itm/61365-The-Art-Of-Chess-Commodore-Amiga-1987-/283328755770,Active,2019-01-10 19:09:57,2019-01-08 17:47:12
Buggy Boy,283328762177,61371 Buggy Boy - Commodore Amiga (1987),19.99,Großbritannien,http://www.ebay.de/itm/61371-Buggy-Boy-Commodore-Amiga-1987-/283328762177,Active,2019-01-10 19:19:23,2019-01-08 17:47:45
Carrier Command,283329426423,58999 Carrier Command - Commodore Amiga (1991),5.99,Großbritannien,http://www.ebay.de/itm/58999-Carrier-Command-Commodore-Amiga-1991-/283329426423,Active,2019-01-11 10:59:19,2019-01-08 17:47:51
Batman,283329427076,59019 Batman Returns - Commodore Amiga (1994),19.99,Großbritannien,http://www.ebay.de/itm/59019-Batman-Returns-Commodore-Amiga-1994-/283329427076,Active,2019-01-11 11:00:18,2019-01-08 17:47:22
Baal,283329447089,60026 Baal - Commodore Amiga (1988),17.99,Großbritannien,http://www.ebay.de/itm/60026-Baal-Commodore-Amiga-1988-/283329447089,Active,2019-01-11 11:29:43,2019-01-08 17:47:16
Bob's Bad Day,283329452799,60037 Amiga Action - Bob's Bad Day - Commodore Amiga (),3.97,Großbritannien,http://www.ebay.de/itm/60037-Amiga-Action-Bobs-Bad-Day-Commodore-Amiga-/283329452799,Active,2019-01-11 11:34:56,2019-01-08 17:47:37
Body Blows,283329452999,60040 Amiga Action - Body Blows / Furmyre - Commodore Amiga (),3.99,Großbritannien,http://www.ebay.de/itm/60040-Amiga-Action-Body-Blows-Furmyre-Commodore-Amiga-/283329452999,Active,2019-01-11 11:35:07,2019-01-08 17:47:37
Campaign,283329453050,60041 Amiga Action - Campaign 2 / Charlie The Xmas Chimp - Commodore Amiga (),3.97,Großbritannien,http://www.ebay.de/itm/60041-Amiga-Action-Campaign-2-Charlie-The-Xmas-Chimp-Commodore-Amiga-/283329453050,Active,2019-01-11 11:35:10,2019-01-08 17:47:47
Apocalypse,283329475639,60263 Disk 63 CU Amiga - Apocalypse - Commodore Amiga (),3.97,Großbritannien,http://www.ebay.de/itm/60263-Disk-63-CU-Amiga-Apocalypse-Commodore-Amiga-/283329475639,Active,2019-01-11 12:04:28,2019-01-08 17:47:06
Body Blows,283329476079,60269 Disk 51 CU Amiga - Body Blows / Tank Attack / Nick Faldo's Golf - Com,3.95,Großbritannien,http://www.ebay.de/itm/60269-Disk-51-CU-Amiga-Body-Blows-Tank-Attack-Nick-Faldos-Golf-Com-/283329476079,Active,2019-01-11 12:05:10,2019-01-08 17:47:37
"Settlers, The",283329479106,60277 Disk 71 CU Amiga - Turrican 3 / The Settlers - Commodore Amiga (),9.95,Großbritannien,http://www.ebay.de/itm/60277-Disk-71-CU-Amiga-Turrican-3-The-Settlers-Commodore-Amiga-/283329479106,Active,2019-01-11 12:09:21,2019-01-08 16:22:03
Body Blows Galactic,283329525180,60738 Body Blows Galactic - Commodore Amiga (1993),14.99,Großbritannien,http://www.ebay.de/itm/60738-Body-Blows-Galactic-Commodore-Amiga-1993-/283329525180,Active,2019-01-11 13:09:59,2019-01-08 17:47:38
"Secret of Monkey Island, The",283329528720,60747 The Secret Of Monkey Island - Commodore Amiga (1991),39.99,Großbritannien,http://www.ebay.de/itm/60747-The-Secret-Of-Monkey-Island-Commodore-Amiga-1991-/283329528720,Active,2019-01-11 13:14:16,2019-01-08 17:47:57
"Art of Chess, The",283329537580,35113 The Art Of Chess - Commodore Amiga (1987),4.93,Großbritannien,http://www.ebay.de/itm/35113-The-Art-Of-Chess-Commodore-Amiga-1987-/283329537580,Active,2019-01-11 13:25:06,2019-01-08 17:47:12
Captive,283330052360,59251 Disk 16 Amiga Format - Captive / Senior Quiz - Commodore Amiga (1990) Nove,3.99,Großbritannien,http://www.ebay.de/itm/59251-Disk-16-Amiga-Format-Captive-Senior-Quiz-Commodore-Amiga-1990-Nove-/283330052360,Active,2019-01-11 22:10:18,2019-01-08 17:47:50
Birds of Prey,283330636231,17540 Birds Of Prey [BIG BOX] - Commodore Amiga (1992),12.99,Großbritannien,http://www.ebay.de/itm/17540-Birds-Of-Prey-BIG-BOX-Commodore-Amiga-1992-/283330636231,Active,2019-01-12 10:59:27,2019-01-08 17:47:32
Blasteroids,283330774609,60654 Blasteroids - Commodore Amiga (1987),12.97,Großbritannien,http://www.ebay.de/itm/60654-Blasteroids-Commodore-Amiga-1987-/283330774609,Active,2019-01-12 13:35:24,2019-01-08 17:47:34
Baal,283330783894,60756 Baal - Commodore Amiga (1988),19.99,Großbritannien,http://www.ebay.de/itm/60756-Baal-Commodore-Amiga-1988-/283330783894,Active,2019-01-12 13:45:08,2019-01-08 17:47:16
"Art of Chess, The",283330812949,60657 The Art Of Chess - Commodore Amiga (1987),3.99,Großbritannien,http://www.ebay.de/itm/60657-The-Art-Of-Chess-Commodore-Amiga-1987-/283330812949,Active,2019-01-12 14:25:05,2019-01-08 17:47:12
Captain Blood,283330831063,60669 Captain Blood - Commodore Amiga (1989),9.99,Großbritannien,http://www.ebay.de/itm/60669-Captain-Blood-Commodore-Amiga-1989-/283330831063,Active,2019-01-12 14:45:20,2019-01-08 17:47:49
"Art of Chess, The",283331292158,35115 The Art Of Chess - Commodore Amiga (1987),4.97,Großbritannien,http://www.ebay.de/itm/35115-The-Art-Of-Chess-Commodore-Amiga-1987-/283331292158,Active,2019-01-12 21:39:32,2019-01-08 17:47:12
"Settlers, The",283331701458,59922 Disk 71 CU Amiga - Turrican 3 / The Settlers - Commodore Amiga (),9.99,Großbritannien,http://www.ebay.de/itm/59922-Disk-71-CU-Amiga-Turrican-3-The-Settlers-Commodore-Amiga-/283331701458,Active,2019-01-13 08:05:37,2019-01-08 16:22:03
688 Attack Sub,283331715914,32331 688 Attack Sub - Commodore Amiga (1990),4.99,Großbritannien,http://www.ebay.de/itm/32331-688-Attack-Sub-Commodore-Amiga-1990-/283331715914,Active,2019-01-13 08:19:43,2019-01-08 17:46:49
"Settlers, The",283331817564,59278 The Settlers - Commodore Amiga (1993),19.99,Großbritannien,http://www.ebay.de/itm/59278-The-Settlers-Commodore-Amiga-1993-/283331817564,Active,2019-01-13 09:59:43,2019-01-08 16:22:03
Amegas,283331863957,35097 Amegas - Commodore Amiga (1988),4.99,Großbritannien,http://www.ebay.de/itm/35097-Amegas-Commodore-Amiga-1988-/283331863957,Active,2019-01-13 10:39:12,2019-01-08 17:47:05
Alfred Chicken,292773665019,Amiga CD 32 Spiel - Alfred Chicken mit OVP,19.99,"Berlin,Deutschland",http://www.ebay.de/itm/Amiga-CD-32-Spiel-Alfred-Chicken-OVP-/292773665019,Active,2019-01-14 05:42:12,2019-01-08 17:46:59
Battle Isle,292779728844,COMMODORE AMIGA BATTLE ISLE + DATADISK 500 600 1200 2000 3000 4000 CDTV C64 C65,39,"Frankfurt,Deutschland",http://www.ebay.de/itm/COMMODORE-AMIGA-BATTLE-ISLE-DATADISK-500-600-1200-2000-3000-4000-CDTV-C64-C65-/292779728844,Active,2019-01-18 07:19:16,2019-01-08 17:47:24
Brat,292896398688,Brat -Amiga-,25,Deutschland,http://www.ebay.de/itm/Brat-Amiga-/292896398688,Active,2019-01-29 22:28:20,2019-01-08 17:47:41
Black Crypt,292898666380,Black Crypt (AMIGA),65,"Belau,Deutschland",http://www.ebay.de/itm/Black-Crypt-AMIGA-/292898666380,Active,2019-01-31 14:48:19,2019-01-08 17:47:32
Bomb Jack,292906478979,★ BOMB JACK COMMODORE AMIGA ASM HIT ELITE ARCADE 1984 ORIGINAL OVP & BELEG c65★,29.99,"Mühlheim,Deutschland",http://www.ebay.de/itm/BOMB-JACK-COMMODORE-AMIGA-ASM-HIT-ELITE-ARCADE-1984-ORIGINAL-OVP-BELEG-c65-/292906478979,Active,2019-01-16 17:53:37,2019-01-08 17:47:38
Campaign,302709234978,Campaign - Strategiespiel für Commodore AMIGA (1992),29.95,"Heide,Deutschland",http://www.ebay.de/itm/Campaign-Strategiespiel-Commodore-AMIGA-1992-/302709234978,Active,2019-01-13 21:21:35,2019-01-08 17:47:47
Birds of Prey,302806058814,Birds of Prey für Commodore AMIGA,29.95,"Heide,Deutschland",http://www.ebay.de/itm/Birds-of-Prey-Commodore-AMIGA-/302806058814,Active,2019-01-11 11:27:48,2019-01-08 17:47:32
A-Train,302861311309,AMIGA - Spiel - Original - BIG BOX-  A-TRAIN - Zubehör,25,"Saarbrücken,Deutschland",http://www.ebay.de/itm/AMIGA-Spiel-Original-BIG-BOX-A-TRAIN-Zubehor-/302861311309,Active,2019-01-25 05:11:55,2019-01-08 17:46:50
Captain Planet and the Planete,302861311319,AMIGA - Spiel - Original - BIG BOX-  Captain Planet and the Planeteers - Zubehör,22,"Saarbrücken,Deutschland",http://www.ebay.de/itm/AMIGA-Spiel-Original-BIG-BOX-Captain-Planet-and-the-Planeteers-Zubehor-/302861311319,Active,2019-01-25 05:11:56,2019-01-08 17:47:49
Beneath A Steel Sky,302930274892,Beneath a steel sky German Amiga  (AMIGA A1200/A4000) 15 Disketten,69,"Dischingen,Deutschland",http://www.ebay.de/itm/Beneath-a-steel-sky-German-Amiga-AMIGA-A1200-A4000-15-Disketten-/302930274892,Active,2019-01-20 20:40:58,2019-01-08 17:47:28
Cadaver,312106292052,Cadaver Big Box Commodore Amiga Game - Bitmap Brothers 1994,19.99,Großbritannien,http://www.ebay.de/itm/Cadaver-Big-Box-Commodore-Amiga-Game-Bitmap-Brothers-1994-/312106292052,Active,2019-02-02 20:17:42,2019-01-08 17:47:47
Back to the Future Part II,312369128626,COMMODORE AMIGA BOXED BACK TO THE FUTURE PART II,6.75,Großbritannien,http://www.ebay.de/itm/COMMODORE-AMIGA-BOXED-BACK-TO-THE-FUTURE-PART-II-/312369128626,Active,2019-01-11 07:03:23,2019-01-08 17:47:17
"Art of Chess, The",312369128645,COMMODORE AMIGA THE ART OF CHESS,3.95,Großbritannien,http://www.ebay.de/itm/COMMODORE-AMIGA-THE-ART-OF-CHESS-/312369128645,Active,2019-01-11 07:03:24,2019-01-08 17:47:12
Advanced Tactical Fighter II,322484216538,*** ATF II 2 Advanced Tactical Fighter II 2 *** AMIGA *** Komplett in BOX ***,19.99,"Burglengenfeld,Deutschland",http://www.ebay.de/itm/ATF-II-2-Advanced-Tactical-Fighter-II-2-AMIGA-Komplett-BOX-/322484216538,Active,2019-02-04 10:35:16,2019-01-08 17:46:53
Bubble Ghost,323590929059,4 AMIGA 500 1000 2000 GAMES SUPER SKI HOSTAGES OPERATION NEPTUNE & BUBBLE GHOST,21.99,Großbritannien,http://www.ebay.de/itm/4-AMIGA-500-1000-2000-GAMES-SUPER-SKI-HOSTAGES-OPERATION-NEPTUNE-BUBBLE-GHOST-/323590929059,Active,2019-01-08 19:43:55,2019-01-08 17:47:45
Castles,323627235989,Dark Castle Commodore Amiga Software Three Sixty,15,"Fürstenfeldbruck,Deutschland",http://www.ebay.de/itm/Dark-Castle-Commodore-Amiga-Software-Three-Sixty-/323627235989,Active,2019-01-28 17:45:07,2019-01-08 17:47:52
Batman: The Caped Crusader,323631085893,Batman The Caped Crusader | Commodore CBM AMIGA | Boxed Manual Complete Retro DC,7.5,Großbritannien,http://www.ebay.de/itm/Batman-The-Caped-Crusader-Commodore-CBM-AMIGA-Boxed-Manual-Complete-Retro-DC-/323631085893,Active,2019-01-08 21:00:58,2019-01-08 17:47:23
Battle Command,323631160736,Battle Command - Commodore CBM Amiga - boxed incl manual,15.99,"Bergkamen,Deutschland",http://www.ebay.de/itm/Battle-Command-Commodore-CBM-Amiga-boxed-incl-manual-/323631160736,Active,2019-01-08 18:59:16,2019-01-08 17:47:24
Amegas,323634688327,"Amegas  ( Amiga, Disk 3,5"" )",10,"Dresden,Deutschland",http://www.ebay.de/itm/Amegas-Amiga-Disk-3-5-/323634688327,Active,2019-02-03 08:58:05,2019-01-08 17:47:05
Big Game Fishing,323634688999,"Big Game Fishing ( Amiga, Disk 3,5"" )",30,"Dresden,Deutschland",http://www.ebay.de/itm/Big-Game-Fishing-Amiga-Disk-3-5-/323634688999,Active,2019-02-03 08:59:07,2019-01-08 17:47:30
Anarchy,323635401084,CBM AMIGA: ANARCHY -PSYCLAPSE/PSYGNOSIS- * Defender clone *,55,Niederlande,http://www.ebay.de/itm/CBM-AMIGA-ANARCHY-PSYCLAPSE-PSYGNOSIS-Defender-clone-/323635401084,Active,2019-01-14 20:16:13,2019-01-08 17:47:06
Atomino,323635401097,Commodore AMIGA - ATOMINO by PSYGNOSIS ** VERSIEGELT / FACTORY SEALED!,65,Niederlande,http://www.ebay.de/itm/Commodore-AMIGA-ATOMINO-by-PSYGNOSIS-VERSIEGELT-FACTORY-SEALED-/323635401097,Active,2019-01-14 20:16:14,2019-01-08 17:47:14
Amegas,332866824504,Amegas für Commodore Amiga,24.99,"Hannover,Deutschland",http://www.ebay.de/itm/Amegas-Commodore-Amiga-/332866824504,Active,2019-02-02 13:53:01,2019-01-08 17:47:05
Birds of Prey,332866905968,Birds of Prey Commodore Amiga,14.99,"Hannover,Deutschland",http://www.ebay.de/itm/Birds-of-Prey-Commodore-Amiga-/332866905968,Active,2019-02-02 15:02:59,2019-01-08 17:47:32
Birds of Prey,332976486280,"Birds of Prey Amiga 500,500 Plus,1000,2000,3000 Big Box 1991 Electronic Arts",14,"Flensburg,Deutschland",http://www.ebay.de/itm/Birds-of-Prey-Amiga-500-500-Plus-1000-2000-3000-Big-Box-1991-Electronic-Arts-/332976486280,Active,2019-01-24 09:42:05,2019-01-08 17:47:32
A-10 Tank Killer,332987247612,Amiga Spiel A-10 TANK KILLER  mit Schachtel und Zubehör,29,"Stuhr,Deutschland",http://www.ebay.de/itm/Amiga-Spiel-A-10-TANK-KILLER-Schachtel-Zubehor-/332987247612,Active,2019-01-10 11:55:15,2019-01-08 17:46:49
Bubba 'n' Stix,332987265158,Amiga Spiel BUBBA N STIX mit Schachtel und Zubehör,25,"Stuhr,Deutschland",http://www.ebay.de/itm/Amiga-Spiel-BUBBA-N-STIX-Schachtel-Zubehor-/332987265158,Active,2019-01-10 12:06:24,2019-01-08 17:47:43
Bubble Ghost,332987265168,Amiga Spiel HOSTAGES BUBBLE GHOST SUPER SKI mit Schachtel und Zubehör,17,"Stuhr,Deutschland",http://www.ebay.de/itm/Amiga-Spiel-HOSTAGES-BUBBLE-GHOST-SUPER-SKI-Schachtel-Zubehor-/332987265168,Active,2019-01-10 12:06:24,2019-01-08 17:47:45
Celtic Legends,332987266094,Amiga Spiel CELTIC LEGENDS mit Schachtel und Zubehör,19,"Stuhr,Deutschland",http://www.ebay.de/itm/Amiga-Spiel-CELTIC-LEGENDS-Schachtel-Zubehor-/332987266094,Active,2019-01-10 12:07:48,2019-01-08 17:47:54
B.A.T. II,332987266095,Amiga Spiel BAT II B A T 2 mit Schachtel und Zubehör,35,"Stuhr,Deutschland",http://www.ebay.de/itm/Amiga-Spiel-BAT-II-B-A-T-2-Schachtel-Zubehor-/332987266095,Active,2019-01-10 12:07:48,2019-01-08 17:47:16
Battle Chess II: Chinese Chess,332987272751,Amiga Spiel BATTLE CHESS II CHINESE CHESS mit Schachtel und Zubehör,22,"Stuhr,Deutschland",http://www.ebay.de/itm/Amiga-Spiel-BATTLE-CHESS-II-CHINESE-CHESS-Schachtel-Zubehor-/332987272751,Active,2019-01-10 12:16:47,2019-01-08 17:47:23
"Art of Chess, The",332993690008,The Art of Chess Commodore Amiga sehr guter Zustand,6.9,"Schortens,Deutschland",http://www.ebay.de/itm/The-Art-of-Chess-Commodore-Amiga-sehr-guter-Zustand-/332993690008,Active,2019-01-10 07:50:35,2019-01-08 17:47:12
Alien³,352505549669,ALIEN BREED 3D TEAM 17 SPIEL VERWENDET GUTE AMIGA ITALIENISCHE AUSGABE PAL FR1,69.1,Italien,http://www.ebay.de/itm/ALIEN-BREED-3D-TEAM-17-SPIEL-VERWENDET-GUTE-AMIGA-ITALIENISCHE-AUSGABE-PAL-FR1-/352505549669,Active,2019-01-31 16:38:00,2019-01-08 17:47:02
4D Sports Boxing,360271196999,Amiga: 4d Sports Boxing - Mindscape 1990,14.99,Deutschland,http://www.ebay.de/itm/Amiga-4d-Sports-Boxing-Mindscape-1990-/360271196999,Active,2019-01-24 23:46:14,2019-01-08 17:46:47
Celtic Legends,360271206988,Amiga:  CELTIC LEGENDS,24.99,Deutschland,http://www.ebay.de/itm/Amiga-CELTIC-LEGENDS-/360271206988,Active,2019-01-25 00:22:34,2019-01-08 17:47:54
Atomino,360271207883,Amiga:  ATOMINO  - Psygnosis 1991,26.99,Deutschland,http://www.ebay.de/itm/Amiga-ATOMINO-Psygnosis-1991-/360271207883,Active,2019-01-25 00:26:25,2019-01-08 17:47:14
Blinky's Scary School,360327532744,Amiga: Blinky's Scary School,19.99,Deutschland,http://www.ebay.de/itm/Amiga-Blinkys-Scary-School-/360327532744,Active,2019-01-28 10:55:44,2019-01-08 17:47:35
Celtic Legends,360327833926,Amiga: Celtic Legends - UBI SOFT 1991,24.99,Deutschland,http://www.ebay.de/itm/Amiga-Celtic-Legends-UBI-SOFT-1991-/360327833926,Active,2019-01-29 13:55:16,2019-01-08 17:47:54
"Carl Lewis Challenge, The",361203261428,Amiga: The Carl Lewis Challenge - Psygnosis 1992 - Partial Sealed,39.9,Deutschland,http://www.ebay.de/itm/Amiga-The-Carl-Lewis-Challenge-Psygnosis-1992-Partial-Sealed-/361203261428,Active,2019-01-10 13:51:16,2019-01-08 17:47:50
Burntime,361926372463,Amiga:  Burntime - Max Design 1993,59.9,Deutschland,http://www.ebay.de/itm/Amiga-Burntime-Max-Design-1993-/361926372463,Active,2019-01-31 13:08:33,2019-01-08 17:47:46
Birds of Prey,362084237386,Amiga: Birds of Prey - Electronic Arts 1991,21.99,Deutschland,http://www.ebay.de/itm/Amiga-Birds-of-Prey-Electronic-Arts-1991-/362084237386,Active,2019-01-20 20:01:28,2019-01-08 17:47:32
Alien³,362192319601,Amiga: Zak McKracken and the Alien Mindbenders - Lucasfilm Games 1988,349.9,Deutschland,http://www.ebay.de/itm/Amiga-Zak-McKracken-and-the-Alien-Mindbenders-Lucasfilm-Games-1988-/362192319601,Active,2019-01-14 22:07:21,2019-01-08 17:47:02
Another World,362428731189,VINTAGE 1993 90s COMMODORE AMIGA CBM 500 500+ 1200 2000 3000 ANOTHER WORLD GAME,59.99,Großbritannien,http://www.ebay.de/itm/VINTAGE-1993-90s-COMMODORE-AMIGA-CBM-500-500-1200-2000-3000-ANOTHER-WORLD-GAME-/362428731189,Active,2019-02-01 17:40:48,2019-01-08 17:47:06
Armour-Geddon,362485318890,Amiga:  Armour-Geddon - Psygnosis 1992,39.9,Deutschland,http://www.ebay.de/itm/Amiga-Armour-Geddon-Psygnosis-1992-/362485318890,Active,2019-01-11 20:39:51,2019-01-08 17:47:11
Abandoned Places 2,362511958602,"Abandoned Places Teil 2, Spiel für Amiga",49,"Düsseldorf,Deutschland",http://www.ebay.de/itm/Abandoned-Places-Teil-2-Spiel-Amiga-/362511958602,Active,2019-01-17 06:38:15,2019-01-08 17:46:51
Alien³,362526970977,ALIEN BREED SPECIAL EDITION - Commodore Amiga - Complete - Free P&P,15.95,Großbritannien,http://www.ebay.de/itm/ALIEN-BREED-SPECIAL-EDITION-Commodore-Amiga-Complete-Free-P-P-/362526970977,Active,2019-02-05 09:52:50,2019-01-08 17:47:02
688 Attack Sub,372083766895,Commodore Amiga - 688 Attack Sub by Hit Squad,4.99,Großbritannien,http://www.ebay.de/itm/Commodore-Amiga-688-Attack-Sub-by-Hit-Squad-/372083766895,Active,2019-01-15 16:26:56,2019-01-08 17:46:49
Atomino,372309721501,Commodore Amiga - Atomino by Psygnosis,12.99,Großbritannien,http://www.ebay.de/itm/Commodore-Amiga-Atomino-by-Psygnosis-/372309721501,Active,2019-01-13 18:53:31,2019-01-08 17:47:14
Batman,372507152021,Batman the Movie Disc 1 + Disc 2 Für Amiga,11.9,"Delmenhorst,Deutschland",http://www.ebay.de/itm/Batman-the-Movie-Disc-1-Disc-2-Amiga-/372507152021,Active,2019-01-18 16:06:28,2019-01-08 17:47:22
Bubble and Squeak,372557156760,"## Amiga CD 32 - Bubble and Squeak (nur die CD, ohne OVP / unboxed) ##",124.99,"Berlin,Deutschland",http://www.ebay.de/itm/Amiga-CD-32-Bubble-and-Squeak-nur-CD-ohne-OVP-unboxed-/372557156760,Active,2019-02-03 10:49:11,2019-01-08 17:47:43
Cadaver,372559666831,Cadaver für Commodore Amiga,19.99,"Hennef,Deutschland",http://www.ebay.de/itm/Cadaver-Commodore-Amiga-/372559666831,Active,2019-01-13 18:30:47,2019-01-08 17:47:47
Battle Chess,372559672533,Battle Chess für Commodore Amiga,9.99,"Hennef,Deutschland",http://www.ebay.de/itm/Battle-Chess-Commodore-Amiga-/372559672533,Active,2019-01-13 18:37:31,2019-01-08 17:47:23
Banshee,382713096699,Amiga CD32 Banshee mit Originalverpackung Hülle +Rarität+,16.5,"Blomberg,Deutschland",http://www.ebay.de/itm/Amiga-CD32-Banshee-Originalverpackung-Hulle-Raritat-/382713096699,Active,2019-01-12 16:08:09,2019-01-08 17:47:19
Body Blows,382713098595,Amiga CD32 Ultimate Body Blows mit Originalverpackung Hülle +Rarität+,9.5,"Blomberg,Deutschland",http://www.ebay.de/itm/Amiga-CD32-Ultimate-Body-Blows-Originalverpackung-Hulle-Raritat-/382713098595,Active,2019-01-12 16:14:48,2019-01-08 17:47:37
Alien³,382713100669,Amiga CD32 Alien Breed Tower Assault mit Originalverpackung Hülle +Rarität+,8.5,"Blomberg,Deutschland",http://www.ebay.de/itm/Amiga-CD32-Alien-Breed-Tower-Assault-Originalverpackung-Hulle-Raritat-/382713100669,Active,2019-01-12 16:05:37,2019-01-08 17:47:02
Spot,391864358491,"Commodore AMIGA 3,5"" Spiel - COOL SPOT, SMIDGE - Amiga Power Disk 34",9.99,"Gera,Deutschland",http://www.ebay.de/itm/Commodore-AMIGA-3-5-Spiel-COOL-SPOT-SMIDGE-Amiga-Power-Disk-34-/391864358491,Active,2019-02-06 09:48:05,2019-01-08 17:47:57
Benefactor,391865154002,"Commodore AMIGA 3,5"" Spiel - BENEFACTOR, JETSTRIKE - Power Disk 36",9.99,"Gera,Deutschland",http://www.ebay.de/itm/Commodore-AMIGA-3-5-Spiel-BENEFACTOR-JETSTRIKE-Power-Disk-36-/391865154002,Active,2019-02-07 11:05:46,2019-01-08 17:47:28
Cannon Fodder 2,391865169376,"Commodore AMIGA 3,5"" Spiel - CANNON FODDER 2, POWERDRIVE - Power Disk 45",4.99,"Gera,Deutschland",http://www.ebay.de/itm/Commodore-AMIGA-3-5-Spiel-CANNON-FODDER-2-POWERDRIVE-Power-Disk-45-/391865169376,Active,2019-02-07 11:44:06,2019-01-08 17:47:48
Dragon Ninja,392142904161,Kassetten Amstrad Amiga Atari st Double Dragon Shinobi II The Ninja Krieger,20.99,Frankreich,http://www.ebay.de/itm/Kassetten-Amstrad-Amiga-Atari-st-Double-Dragon-Shinobi-II-The-Ninja-Krieger-/392142904161,Active,2019-02-05 10:53:23,2019-01-08 17:47:55
B.A.T. II,401468405826,BAT II 2 (AMIGA) noch original verpackt SEALED,69,"Alsdorf,Deutschland",http://www.ebay.de/itm/BAT-II-2-AMIGA-noch-original-verpackt-SEALED-/401468405826,Active,2019-01-24 16:10:20,2019-01-08 17:47:16
Alfred Chicken,401553600097,Syndicate / Alfred Chicken / Spherical Worlds / Mathematik (AMIGA CD32) Sealed,99,"Alsdorf,Deutschland",http://www.ebay.de/itm/Syndicate-Alfred-Chicken-Spherical-Worlds-Mathematik-AMIGA-CD32-Sealed-/401553600097,Active,2019-01-13 11:35:47,2019-01-08 17:46:59
Brian the Lion,401597041373,Brian the Lion (AMIGA CD32),199,"Alsdorf,Deutschland",http://www.ebay.de/itm/Brian-the-Lion-AMIGA-CD32-/401597041373,Active,2019-02-07 15:06:24,2019-01-08 17:47:42
Campaign,401661656246,USED CAMPAIGN BY EMPIRE FOR COMMODORE AMIGA IN TATTY BOX.,10,Großbritannien,http://www.ebay.de/itm/USED-CAMPAIGN-BY-EMPIRE-FOR-COMMODORE-AMIGA-TATTY-BOX-/401661656246,Active,2019-01-17 12:39:13,2019-01-08 17:47:47
688 Attack Sub,401671318888,"688 Attack Sub, Commodore Amiga Game, Fair condition, Tested, #135",7.39,Großbritannien,http://www.ebay.de/itm/688-Attack-Sub-Commodore-Amiga-Game-Fair-condition-Tested-135-/401671318888,Active,2019-01-24 01:01:49,2019-01-08 17:46:49
Archipelagos,401676641749,"Archipelagos, Fair Condition, Commodore Amiga Game, Tested, #272",6.99,Großbritannien,http://www.ebay.de/itm/Archipelagos-Fair-Condition-Commodore-Amiga-Game-Tested-272-/401676641749,Active,2019-01-30 19:53:27,2019-01-08 17:47:09
Campaign,401677263337,"Campaign, Fair Condition, Commodore Amiga Game, Tested, #274",6.99,Großbritannien,http://www.ebay.de/itm/Campaign-Fair-Condition-Commodore-Amiga-Game-Tested-274-/401677263337,Active,2019-01-31 19:22:17,2019-01-08 17:47:47
